This is pdfTeX, Version 3.141592653-2.6-1.40.29 (TeX Live 2026) (preloaded format=pdflatex 2026.6.29)  1 SEP 2026 18:18
entering extended mode
 restricted \write18 enabled.
 %&-line parsing enabled.
**Rd2.tex
(./Rd2.tex
LaTeX2e <2026-06-01>
L3 programming layer <2026-06-18>

(t:/texmf-dist/tex/latex/base/book.cls
Document Class: book 2025/01/22 v1.4n Standard LaTeX document class
(t:/texmf-dist/tex/latex/base/bk10.clo
File: bk10.clo 2025/01/22 v1.4n Standard LaTeX file (size option)
)
\c@part=\count276
\c@chapter=\count277
\c@section=\count278
\c@subsection=\count279
\c@subsubsection=\count280
\c@paragraph=\count281
\c@subparagraph=\count282
\c@figure=\count283
\c@table=\count284
\abovecaptionskip=\skip49
\belowcaptionskip=\skip50
\bibindent=\dimen150
) (c:/Program Files/R/R-4.4.3/share/texmf/tex/latex/Rd.sty
Package: Rd 
 (t:/texmf-dist/tex/latex/base/ifthen.sty
Package: ifthen 2024/03/16 v1.1e Standard LaTeX ifthen package (DPC)
) (t:/texmf-dist/tex/generic/iftex/iftex.sty
Package: iftex 2024/12/12 v1.0g TeX engine tests
) (t:/texmf-dist/tex/latex/tools/longtable.sty
Package: longtable 2026-01-28 v4.27 Multi-page Table package (DPC)
\LTleft=\skip51
\LTright=\skip52
\LTpre=\skip53
\LTpost=\skip54
\LTchunksize=\count285
\LTcapwidth=\dimen151
\LT@head=\box53
\LT@firsthead=\box54
\LT@foot=\box55
\LT@lastfoot=\box56
\LT@gbox=\box57
\LT@cols=\count286
\LT@rows=\count287
\c@LT@tables=\count288
\c@LT@chunks=\count289
\LT@p@ftn=\toks17
) (t:/texmf-dist/tex/latex/tools/bm.sty
Package: bm 2025/10/21 v1.2g Bold Symbol Support (DPC/FMi)
\symboldoperators=\mathgroup4
\symboldletters=\mathgroup5
\symboldsymbols=\mathgroup6
Package bm Info: No bold for \OMX/cmex/m/n, using \pmb.
LaTeX Font Info:    Redeclaring math alphabet \mathbf on input line 149.
) (t:/texmf-dist/tex/latex/base/alltt.sty
Package: alltt 2024/07/07 v2.0g defines alltt environment
) (t:/texmf-dist/tex/latex/tools/verbatim.sty
Package: verbatim 2024-01-22 v1.5x LaTeX2e package for verbatim enhancements
\every@verbatim=\toks18
\verbatim@line=\toks19
\verbatim@in@stream=\read2
) (t:/texmf-dist/tex/latex/url/url.sty
\Urlmuskip=\muskip17
Package: url 2013/09/16  ver 3.4  Verb mode for urls, etc.
) (t:/texmf-dist/tex/latex/base/textcomp.sty
Package: textcomp 2024/04/24 v2.1b Standard LaTeX package
) (t:/texmf-dist/tex/latex/amsmath/amsmath.sty
Package: amsmath 2026/05/19 v2.18d AMS math features
\@mathmargin=\skip55

For additional information on amsmath, use the `?' option.
(t:/texmf-dist/tex/latex/amsmath/amstext.sty
Package: amstext 2024/11/17 v2.01 AMS text
 (t:/texmf-dist/tex/latex/amsmath/amsgen.sty
File: amsgen.sty 1999/11/30 v2.0 generic functions
\@emptytoks=\toks20
\ex@=\dimen152
)) (t:/texmf-dist/tex/latex/amsmath/amsbsy.sty
Package: amsbsy 1999/11/29 v1.2d Bold Symbols
LaTeX Info: Redefining \boldsymbol on input line 28.
\pmbraise@=\dimen153
) (t:/texmf-dist/tex/latex/amsmath/amsopn.sty
Package: amsopn 2022/04/08 v2.04 operator names
)
\inf@bad=\count290
LaTeX Info: Redefining \frac on input line 233.
\uproot@=\count291
\leftroot@=\count292
LaTeX Info: Redefining \overline on input line 398.
LaTeX Info: Redefining \colon on input line 409.
\classnum@=\count293
\DOTSCASE@=\count294
LaTeX Info: Redefining \ldots on input line 495.
LaTeX Info: Redefining \dots on input line 498.
LaTeX Info: Redefining \cdots on input line 619.
\Mathstrutbox@=\box58
\strutbox@=\box59
LaTeX Info: Redefining \big on input line 721.
LaTeX Info: Redefining \Big on input line 722.
LaTeX Info: Redefining \bigg on input line 723.
LaTeX Info: Redefining \Bigg on input line 724.
\big@size=\dimen154
LaTeX Font Info:    Redeclaring font encoding OML on input line 742.
LaTeX Font Info:    Redeclaring font encoding OMS on input line 743.
\macc@depth=\count295
LaTeX Info: Redefining \bmod on input line 904.
LaTeX Info: Redefining \pmod on input line 909.
LaTeX Info: Redefining \smash on input line 939.
LaTeX Info: Redefining \relbar on input line 969.
LaTeX Info: Redefining \Relbar on input line 970.
\c@MaxMatrixCols=\count296
\dotsspace@=\muskip18
\c@parentequation=\count297
\dspbrk@lvl=\count298
\tag@help=\toks21
\row@=\count299
\column@=\count300
\maxfields@=\count301
\andhelp@=\toks22
\eqnshift@=\dimen155
\alignsep@=\dimen156
\tagshift@=\dimen157
\tagwidth@=\dimen158
\totwidth@=\dimen159
\lineht@=\dimen160
\@envbody=\toks23
\multlinegap=\skip56
\multlinetaggap=\skip57
\mathdisplay@stack=\toks24
LaTeX Info: Redefining \[ on input line 2965.
LaTeX Info: Redefining \] on input line 2966.
) (t:/texmf-dist/tex/latex/amsfonts/amsfonts.sty
Package: amsfonts 2013/01/14 v3.01 Basic AMSFonts support
\symAMSa=\mathgroup7
\symAMSb=\mathgroup8
LaTeX Font Info:    Redeclaring math symbol \hbar on input line 98.
LaTeX Font Info:    Overwriting math alphabet `\mathfrak' in version `bold'
(Font)                  U/euf/m/n --> U/euf/b/n on input line 106.
) (t:/texmf-dist/tex/latex/amsfonts/amssymb.sty
Package: amssymb 2013/01/14 v3.01 AMS font symbols
) (t:/texmf-dist/tex/latex/amsfonts/eucal.sty
Package: eucal 2009/06/22 v3.00 Euler Script fonts
LaTeX Font Info:    Overwriting math alphabet `\EuScript' in version `bold'
(Font)                  U/eus/m/n --> U/eus/b/n on input line 33.
)
\ldescriptionwidth=\skip58
 (t:/texmf-dist/tex/latex/base/fontenc.sty
Package: fontenc 2025/07/18 v2.1d Standard LaTeX package
) (t:/texmf-dist/tex/latex/psnfss/times.sty
Package: times 2020/03/25 PSNFSS-v9.3 (SPQR) 
) (t:/texmf-dist/tex/latex/graphics/color.sty
Package: color 2026-05-17 v1.3f Standard LaTeX Color (DPC)
 (t:/texmf-dist/tex/latex/graphics-cfg/color.cfg
File: color.cfg 2016/01/02 v1.6 sample color configuration
)
Package color Info: Driver file: pdftex.def on input line 149.
 (t:/texmf-dist/tex/latex/graphics-def/pdftex.def
File: pdftex.def 2025/09/29 v1.2d Graphics/color driver for pdftex
) (t:/texmf-dist/tex/latex/graphics/mathcolor.ltx)) (t:/texmf-dist/tex/latex/hyperref/hyperref.sty
Package: hyperref 2026-06-17 v7.01r Hypertext links for LaTeX
 (t:/texmf-dist/tex/latex/graphics/keyval.sty
Package: keyval 2026-05-17 v1.15 key=value parser (DPC)
\KV@toks@=\toks25
) (t:/texmf-dist/tex/latex/kvsetkeys/kvsetkeys.sty
Package: kvsetkeys 2022-10-05 v1.19 Key value parser (HO)
) (t:/texmf-dist/tex/generic/kvdefinekeys/kvdefinekeys.sty
Package: kvdefinekeys 2019-12-19 v1.6 Define keys (HO)
) (t:/texmf-dist/tex/generic/pdfescape/pdfescape.sty
Package: pdfescape 2019/12/09 v1.15 Implements pdfTeX's escape features (HO)
 (t:/texmf-dist/tex/generic/ltxcmds/ltxcmds.sty
Package: ltxcmds 2023-12-04 v1.26 LaTeX kernel commands for general use (HO)
) (t:/texmf-dist/tex/generic/pdftexcmds/pdftexcmds.sty
Package: pdftexcmds 2020-06-27 v0.33 Utility functions of pdfTeX for LuaTeX (HO)
 (t:/texmf-dist/tex/generic/infwarerr/infwarerr.sty
Package: infwarerr 2019/12/03 v1.5 Providing info/warning/error messages (HO)
)
Package pdftexcmds Info: \pdf@primitive is available.
Package pdftexcmds Info: \pdf@ifprimitive is available.
Package pdftexcmds Info: \pdfdraftmode found.
)) (t:/texmf-dist/tex/latex/hycolor/hycolor.sty
Package: hycolor 2020-01-27 v1.10 Color options for hyperref/bookmark (HO)
) (t:/texmf-dist/tex/latex/hyperref/nameref.sty
Package: nameref 2026-01-29 v2.58 Cross-referencing by name of section
 (t:/texmf-dist/tex/latex/refcount/refcount.sty
Package: refcount 2019/12/15 v3.6 Data extraction from label references (HO)
) (t:/texmf-dist/tex/generic/gettitlestring/gettitlestring.sty
Package: gettitlestring 2019/12/15 v1.6 Cleanup title references (HO)
 (t:/texmf-dist/tex/latex/kvoptions/kvoptions.sty
Package: kvoptions 2022-06-15 v3.15 Key value format for package options (HO)
))
\c@section@level=\count302
) (t:/texmf-dist/tex/latex/etoolbox/etoolbox.sty
Package: etoolbox 2025/10/02 v2.5m e-TeX tools for LaTeX (JAW)
\etb@tempcnta=\count303
) (t:/texmf-dist/tex/generic/stringenc/stringenc.sty
Package: stringenc 2019/11/29 v1.12 Convert strings between diff. encodings (HO)
)
\@linkdim=\dimen161
\Hy@linkcounter=\count304
\Hy@pagecounter=\count305
 (t:/texmf-dist/tex/latex/hyperref/pd1enc.def
File: pd1enc.def 2026-06-17 v7.01r Hyperref: PDFDocEncoding definition (HO)
Now handling font encoding PD1 ...
... no UTF-8 mapping file for font encoding PD1
) (t:/texmf-dist/tex/generic/intcalc/intcalc.sty
Package: intcalc 2019/12/15 v1.3 Expandable calculations with integers (HO)
)
\Hy@SavedSpaceFactor=\count306
 (t:/texmf-dist/tex/latex/hyperref/puenc.def
File: puenc.def 2026-06-17 v7.01r Hyperref: PDF Unicode definition (HO)
Now handling font encoding PU ...
... no UTF-8 mapping file for font encoding PU
)
Package hyperref Info: Hyper figures OFF on input line 4199.
Package hyperref Info: Link nesting OFF on input line 4204.
Package hyperref Info: Hyper index ON on input line 4207.
Package hyperref Info: Plain pages OFF on input line 4214.
Package hyperref Info: Backreferencing OFF on input line 4219.
Package hyperref Info: Implicit mode ON; LaTeX internals redefined.
Package hyperref Info: Bookmarks ON on input line 4466.
\c@Hy@tempcnt=\count307
LaTeX Info: Redefining \url on input line 4805.
\XeTeXLinkMargin=\dimen162
 (t:/texmf-dist/tex/generic/bitset/bitset.sty
Package: bitset 2019/12/09 v1.3 Handle bit-vector datatype (HO)
 (t:/texmf-dist/tex/generic/bigintcalc/bigintcalc.sty
Package: bigintcalc 2019/12/15 v1.5 Expandable calculations on big integers (HO)
))
\Fld@menulength=\count308
\Field@Width=\dimen163
\Fld@charsize=\dimen164
Package hyperref Info: Hyper figures OFF on input line 6091.
Package hyperref Info: Link nesting OFF on input line 6096.
Package hyperref Info: Hyper index ON on input line 6099.
Package hyperref Info: backreferencing OFF on input line 6106.
Package hyperref Info: Link coloring OFF on input line 6111.
Package hyperref Info: Link coloring with OCG OFF on input line 6116.
Package hyperref Info: PDF/A mode OFF on input line 6121.
\Hy@abspage=\count309
\c@Item=\count310
\c@Hfootnote=\count311
)
Package hyperref Info: Driver (autodetected): hpdftex.
 (t:/texmf-dist/tex/latex/hyperref/hpdftex.def
File: hpdftex.def 2026-06-17 v7.01r Hyperref driver for pdfTeX
\Fld@listcount=\count312
\c@bookmark@seq@number=\count313
 (t:/texmf-dist/tex/latex/rerunfilecheck/rerunfilecheck.sty
Package: rerunfilecheck 2025-06-21 v1.11 Rerun checks for auxiliary files (HO)
 (t:/texmf-dist/tex/generic/uniquecounter/uniquecounter.sty
Package: uniquecounter 2019/12/15 v1.4 Provide unlimited unique counter (HO)
)
Package uniquecounter Info: New unique counter `rerunfilecheck' on input line 284.
)
\Hy@SectionHShift=\skip59
)
Package hyperref Info: Option `colorlinks' set `true' on input line 413.
Package hyperref Info: Option `linktocpage' set `true' on input line 413.
Package hyperref Info: Option `plainpages' set `false' on input line 413.
LaTeX Encoding Info:    Ignoring declaration for text command \textdegree (encoding ?) on input line 459.
LaTeX Encoding Info:    Ignoring declaration for text command \textonehalf (encoding ?) on input line 460.
LaTeX Encoding Info:    Ignoring declaration for text command \textonequarter (encoding ?) on input line 461.
LaTeX Encoding Info:    Ignoring declaration for text command \textthreequarters (encoding ?) on input line 462.
LaTeX Encoding Info:    Ignoring declaration for text command \textcent (encoding ?) on input line 463.
LaTeX Encoding Info:    Ignoring declaration for text command \textyen (encoding ?) on input line 464.
LaTeX Encoding Info:    Ignoring declaration for text command \textcurrency (encoding ?) on input line 465.
LaTeX Encoding Info:    Ignoring declaration for text command \textbrokenbar (encoding ?) on input line 466.
LaTeX Encoding Info:    Ignoring declaration for text command \texteuro (encoding ?) on input line 467.
)
LaTeX Font Info:    Trying to load font information for T1+ptm on input line 6.
 (t:/texmf-dist/tex/latex/psnfss/t1ptm.fd
File: t1ptm.fd 2001/06/04 font definitions for T1/ptm.
) (t:/texmf-dist/tex/latex/l3backend/l3backend-pdftex.def
File: l3backend-pdftex.def 2026-02-18 L3 backend support: PDF output (pdfTeX)
\l__color_backend_stack_int=\count314
) (./Rd2.aux)
\openout1 = `Rd2.aux'.

LaTeX Font Info:    Checking defaults for OML/cmm/m/it on input line 6.
LaTeX Font Info:    ... okay on input line 6.
LaTeX Font Info:    Checking defaults for OMS/cmsy/m/n on input line 6.
LaTeX Font Info:    ... okay on input line 6.
LaTeX Font Info:    Checking defaults for OT1/cmr/m/n on input line 6.
LaTeX Font Info:    ... okay on input line 6.
LaTeX Font Info:    Checking defaults for T1/cmr/m/n on input line 6.
LaTeX Font Info:    ... okay on input line 6.
LaTeX Font Info:    Checking defaults for TS1/cmr/m/n on input line 6.
LaTeX Font Info:    ... okay on input line 6.
LaTeX Font Info:    Checking defaults for OMX/cmex/m/n on input line 6.
LaTeX Font Info:    ... okay on input line 6.
LaTeX Font Info:    Checking defaults for U/cmr/m/n on input line 6.
LaTeX Font Info:    ... okay on input line 6.
LaTeX Font Info:    Checking defaults for PD1/pdf/m/n on input line 6.
LaTeX Font Info:    ... okay on input line 6.
LaTeX Font Info:    Checking defaults for PU/pdf/m/n on input line 6.
LaTeX Font Info:    ... okay on input line 6.
Package hyperref Info: Link coloring ON on input line 6.
 (./Rd2.out) (./Rd2.out)
\@outlinefile=\write3
\openout3 = `Rd2.out'.

LaTeX Font Info:    Trying to load font information for T1+pcr on input line 23.
 (t:/texmf-dist/tex/latex/psnfss/t1pcr.fd
File: t1pcr.fd 2001/06/04 font definitions for T1/pcr.
)
! Font T1/pcr/m/n/10=pcrr8t at 10.0pt not loadable: Metric (TFM) file not found.
<to be read again> 
                   relax 
l.23 ...url{https://github.com/YukiAtsusaka/cWise}
                                                  \AsIs{,
I wasn't able to read the size data for this font,
so I will ignore the font specification.
[Wizards can fix TFM files using TFtoPL/PLtoTF.]
You might try inserting a different font spec;
e.g., type `I\font<same font id>=<substitute font name>'.

LaTeX Font Info:    Trying to load font information for U+msa on input line 23.
(t:/texmf-dist/tex/latex/amsfonts/umsa.fd
File: umsa.fd 2013/01/14 v3.01 AMS symbols A
)
LaTeX Font Info:    Trying to load font information for U+msb on input line 23.
 (t:/texmf-dist/tex/latex/amsfonts/umsb.fd
File: umsb.fd 2013/01/14 v3.01 AMS symbols B
)
! \textfont 0 is undefined (character h).
\Url@FormatString ...\Url@String \UrlRight \m@th $
                                                  
l.23 ...url{https://github.com/YukiAtsusaka/cWise}
                                                  \AsIs{,
Somewhere in the math formula just ended, you used the
stated character from an undefined font family. For example,
plain TeX doesn't allow \it or \sl in subscripts. Proceed,
and I'll try to forget that I needed that character.

! \textfont 0 is undefined (character t).
\Url@FormatString ...\Url@String \UrlRight \m@th $
                                                  
l.23 ...url{https://github.com/YukiAtsusaka/cWise}
                                                  \AsIs{,
Somewhere in the math formula just ended, you used the
stated character from an undefined font family. For example,
plain TeX doesn't allow \it or \sl in subscripts. Proceed,
and I'll try to forget that I needed that character.

! \textfont 0 is undefined (character t).
\Url@FormatString ...\Url@String \UrlRight \m@th $
                                                  
l.23 ...url{https://github.com/YukiAtsusaka/cWise}
                                                  \AsIs{,
Somewhere in the math formula just ended, you used the
stated character from an undefined font family. For example,
plain TeX doesn't allow \it or \sl in subscripts. Proceed,
and I'll try to forget that I needed that character.

! \textfont 0 is undefined (character p).
\Url@FormatString ...\Url@String \UrlRight \m@th $
                                                  
l.23 ...url{https://github.com/YukiAtsusaka/cWise}
                                                  \AsIs{,
Somewhere in the math formula just ended, you used the
stated character from an undefined font family. For example,
plain TeX doesn't allow \it or \sl in subscripts. Proceed,
and I'll try to forget that I needed that character.

! \textfont 0 is undefined (character s).
\Url@FormatString ...\Url@String \UrlRight \m@th $
                                                  
l.23 ...url{https://github.com/YukiAtsusaka/cWise}
                                                  \AsIs{,
Somewhere in the math formula just ended, you used the
stated character from an undefined font family. For example,
plain TeX doesn't allow \it or \sl in subscripts. Proceed,
and I'll try to forget that I needed that character.

! \textfont 0 is undefined (character :).
\Url@FormatString ...\Url@String \UrlRight \m@th $
                                                  
l.23 ...url{https://github.com/YukiAtsusaka/cWise}
                                                  \AsIs{,
Somewhere in the math formula just ended, you used the
stated character from an undefined font family. For example,
plain TeX doesn't allow \it or \sl in subscripts. Proceed,
and I'll try to forget that I needed that character.

! \textfont 0 is undefined (character /).
\Url@FormatString ...\Url@String \UrlRight \m@th $
                                                  
l.23 ...url{https://github.com/YukiAtsusaka/cWise}
                                                  \AsIs{,
Somewhere in the math formula just ended, you used the
stated character from an undefined font family. For example,
plain TeX doesn't allow \it or \sl in subscripts. Proceed,
and I'll try to forget that I needed that character.

! \textfont 0 is undefined (character /).
\Url@FormatString ...\Url@String \UrlRight \m@th $
                                                  
l.23 ...url{https://github.com/YukiAtsusaka/cWise}
                                                  \AsIs{,
Somewhere in the math formula just ended, you used the
stated character from an undefined font family. For example,
plain TeX doesn't allow \it or \sl in subscripts. Proceed,
and I'll try to forget that I needed that character.

! \textfont 0 is undefined (character g).
\Url@FormatString ...\Url@String \UrlRight \m@th $
                                                  
l.23 ...url{https://github.com/YukiAtsusaka/cWise}
                                                  \AsIs{,
Somewhere in the math formula just ended, you used the
stated character from an undefined font family. For example,
plain TeX doesn't allow \it or \sl in subscripts. Proceed,
and I'll try to forget that I needed that character.

! \textfont 0 is undefined (character i).
\Url@FormatString ...\Url@String \UrlRight \m@th $
                                                  
l.23 ...url{https://github.com/YukiAtsusaka/cWise}
                                                  \AsIs{,
Somewhere in the math formula just ended, you used the
stated character from an undefined font family. For example,
plain TeX doesn't allow \it or \sl in subscripts. Proceed,
and I'll try to forget that I needed that character.

! \textfont 0 is undefined (character t).
\Url@FormatString ...\Url@String \UrlRight \m@th $
                                                  
l.23 ...url{https://github.com/YukiAtsusaka/cWise}
                                                  \AsIs{,
Somewhere in the math formula just ended, you used the
stated character from an undefined font family. For example,
plain TeX doesn't allow \it or \sl in subscripts. Proceed,
and I'll try to forget that I needed that character.

! \textfont 0 is undefined (character h).
\Url@FormatString ...\Url@String \UrlRight \m@th $
                                                  
l.23 ...url{https://github.com/YukiAtsusaka/cWise}
                                                  \AsIs{,
Somewhere in the math formula just ended, you used the
stated character from an undefined font family. For example,
plain TeX doesn't allow \it or \sl in subscripts. Proceed,
and I'll try to forget that I needed that character.

! \textfont 0 is undefined (character u).
\Url@FormatString ...\Url@String \UrlRight \m@th $
                                                  
l.23 ...url{https://github.com/YukiAtsusaka/cWise}
                                                  \AsIs{,
Somewhere in the math formula just ended, you used the
stated character from an undefined font family. For example,
plain TeX doesn't allow \it or \sl in subscripts. Proceed,
and I'll try to forget that I needed that character.

! \textfont 0 is undefined (character b).
\Url@FormatString ...\Url@String \UrlRight \m@th $
                                                  
l.23 ...url{https://github.com/YukiAtsusaka/cWise}
                                                  \AsIs{,
Somewhere in the math formula just ended, you used the
stated character from an undefined font family. For example,
plain TeX doesn't allow \it or \sl in subscripts. Proceed,
and I'll try to forget that I needed that character.

! \textfont 0 is undefined (character .).
\Url@FormatString ...\Url@String \UrlRight \m@th $
                                                  
l.23 ...url{https://github.com/YukiAtsusaka/cWise}
                                                  \AsIs{,
Somewhere in the math formula just ended, you used the
stated character from an undefined font family. For example,
plain TeX doesn't allow \it or \sl in subscripts. Proceed,
and I'll try to forget that I needed that character.

! \textfont 0 is undefined (character c).
\Url@FormatString ...\Url@String \UrlRight \m@th $
                                                  
l.23 ...url{https://github.com/YukiAtsusaka/cWise}
                                                  \AsIs{,
Somewhere in the math formula just ended, you used the
stated character from an undefined font family. For example,
plain TeX doesn't allow \it or \sl in subscripts. Proceed,
and I'll try to forget that I needed that character.

! \textfont 0 is undefined (character o).
\Url@FormatString ...\Url@String \UrlRight \m@th $
                                                  
l.23 ...url{https://github.com/YukiAtsusaka/cWise}
                                                  \AsIs{,
Somewhere in the math formula just ended, you used the
stated character from an undefined font family. For example,
plain TeX doesn't allow \it or \sl in subscripts. Proceed,
and I'll try to forget that I needed that character.

! \textfont 0 is undefined (character m).
\Url@FormatString ...\Url@String \UrlRight \m@th $
                                                  
l.23 ...url{https://github.com/YukiAtsusaka/cWise}
                                                  \AsIs{,
Somewhere in the math formula just ended, you used the
stated character from an undefined font family. For example,
plain TeX doesn't allow \it or \sl in subscripts. Proceed,
and I'll try to forget that I needed that character.

! \textfont 0 is undefined (character /).
\Url@FormatString ...\Url@String \UrlRight \m@th $
                                                  
l.23 ...url{https://github.com/YukiAtsusaka/cWise}
                                                  \AsIs{,
Somewhere in the math formula just ended, you used the
stated character from an undefined font family. For example,
plain TeX doesn't allow \it or \sl in subscripts. Proceed,
and I'll try to forget that I needed that character.

! \textfont 0 is undefined (character Y).
\Url@FormatString ...\Url@String \UrlRight \m@th $
                                                  
l.23 ...url{https://github.com/YukiAtsusaka/cWise}
                                                  \AsIs{,
Somewhere in the math formula just ended, you used the
stated character from an undefined font family. For example,
plain TeX doesn't allow \it or \sl in subscripts. Proceed,
and I'll try to forget that I needed that character.

! \textfont 0 is undefined (character u).
\Url@FormatString ...\Url@String \UrlRight \m@th $
                                                  
l.23 ...url{https://github.com/YukiAtsusaka/cWise}
                                                  \AsIs{,
Somewhere in the math formula just ended, you used the
stated character from an undefined font family. For example,
plain TeX doesn't allow \it or \sl in subscripts. Proceed,
and I'll try to forget that I needed that character.

! \textfont 0 is undefined (character k).
\Url@FormatString ...\Url@String \UrlRight \m@th $
                                                  
l.23 ...url{https://github.com/YukiAtsusaka/cWise}
                                                  \AsIs{,
Somewhere in the math formula just ended, you used the
stated character from an undefined font family. For example,
plain TeX doesn't allow \it or \sl in subscripts. Proceed,
and I'll try to forget that I needed that character.

! \textfont 0 is undefined (character i).
\Url@FormatString ...\Url@String \UrlRight \m@th $
                                                  
l.23 ...url{https://github.com/YukiAtsusaka/cWise}
                                                  \AsIs{,
Somewhere in the math formula just ended, you used the
stated character from an undefined font family. For example,
plain TeX doesn't allow \it or \sl in subscripts. Proceed,
and I'll try to forget that I needed that character.

! \textfont 0 is undefined (character A).
\Url@FormatString ...\Url@String \UrlRight \m@th $
                                                  
l.23 ...url{https://github.com/YukiAtsusaka/cWise}
                                                  \AsIs{,
Somewhere in the math formula just ended, you used the
stated character from an undefined font family. For example,
plain TeX doesn't allow \it or \sl in subscripts. Proceed,
and I'll try to forget that I needed that character.

! \textfont 0 is undefined (character t).
\Url@FormatString ...\Url@String \UrlRight \m@th $
                                                  
l.23 ...url{https://github.com/YukiAtsusaka/cWise}
                                                  \AsIs{,
Somewhere in the math formula just ended, you used the
stated character from an undefined font family. For example,
plain TeX doesn't allow \it or \sl in subscripts. Proceed,
and I'll try to forget that I needed that character.

! \textfont 0 is undefined (character s).
\Url@FormatString ...\Url@String \UrlRight \m@th $
                                                  
l.23 ...url{https://github.com/YukiAtsusaka/cWise}
                                                  \AsIs{,
Somewhere in the math formula just ended, you used the
stated character from an undefined font family. For example,
plain TeX doesn't allow \it or \sl in subscripts. Proceed,
and I'll try to forget that I needed that character.

! \textfont 0 is undefined (character u).
\Url@FormatString ...\Url@String \UrlRight \m@th $
                                                  
l.23 ...url{https://github.com/YukiAtsusaka/cWise}
                                                  \AsIs{,
Somewhere in the math formula just ended, you used the
stated character from an undefined font family. For example,
plain TeX doesn't allow \it or \sl in subscripts. Proceed,
and I'll try to forget that I needed that character.

! \textfont 0 is undefined (character s).
\Url@FormatString ...\Url@String \UrlRight \m@th $
                                                  
l.23 ...url{https://github.com/YukiAtsusaka/cWise}
                                                  \AsIs{,
Somewhere in the math formula just ended, you used the
stated character from an undefined font family. For example,
plain TeX doesn't allow \it or \sl in subscripts. Proceed,
and I'll try to forget that I needed that character.

! \textfont 0 is undefined (character a).
\Url@FormatString ...\Url@String \UrlRight \m@th $
                                                  
l.23 ...url{https://github.com/YukiAtsusaka/cWise}
                                                  \AsIs{,
Somewhere in the math formula just ended, you used the
stated character from an undefined font family. For example,
plain TeX doesn't allow \it or \sl in subscripts. Proceed,
and I'll try to forget that I needed that character.

! \textfont 0 is undefined (character k).
\Url@FormatString ...\Url@String \UrlRight \m@th $
                                                  
l.23 ...url{https://github.com/YukiAtsusaka/cWise}
                                                  \AsIs{,
Somewhere in the math formula just ended, you used the
stated character from an undefined font family. For example,
plain TeX doesn't allow \it or \sl in subscripts. Proceed,
and I'll try to forget that I needed that character.

! \textfont 0 is undefined (character a).
\Url@FormatString ...\Url@String \UrlRight \m@th $
                                                  
l.23 ...url{https://github.com/YukiAtsusaka/cWise}
                                                  \AsIs{,
Somewhere in the math formula just ended, you used the
stated character from an undefined font family. For example,
plain TeX doesn't allow \it or \sl in subscripts. Proceed,
and I'll try to forget that I needed that character.

! \textfont 0 is undefined (character /).
\Url@FormatString ...\Url@String \UrlRight \m@th $
                                                  
l.23 ...url{https://github.com/YukiAtsusaka/cWise}
                                                  \AsIs{,
Somewhere in the math formula just ended, you used the
stated character from an undefined font family. For example,
plain TeX doesn't allow \it or \sl in subscripts. Proceed,
and I'll try to forget that I needed that character.

! \textfont 0 is undefined (character c).
\Url@FormatString ...\Url@String \UrlRight \m@th $
                                                  
l.23 ...url{https://github.com/YukiAtsusaka/cWise}
                                                  \AsIs{,
Somewhere in the math formula just ended, you used the
stated character from an undefined font family. For example,
plain TeX doesn't allow \it or \sl in subscripts. Proceed,
and I'll try to forget that I needed that character.

! \textfont 0 is undefined (character W).
\Url@FormatString ...\Url@String \UrlRight \m@th $
                                                  
l.23 ...url{https://github.com/YukiAtsusaka/cWise}
                                                  \AsIs{,
Somewhere in the math formula just ended, you used the
stated character from an undefined font family. For example,
plain TeX doesn't allow \it or \sl in subscripts. Proceed,
and I'll try to forget that I needed that character.

! \textfont 0 is undefined (character i).
\Url@FormatString ...\Url@String \UrlRight \m@th $
                                                  
l.23 ...url{https://github.com/YukiAtsusaka/cWise}
                                                  \AsIs{,
Somewhere in the math formula just ended, you used the
stated character from an undefined font family. For example,
plain TeX doesn't allow \it or \sl in subscripts. Proceed,
and I'll try to forget that I needed that character.

! \textfont 0 is undefined (character s).
\Url@FormatString ...\Url@String \UrlRight \m@th $
                                                  
l.23 ...url{https://github.com/YukiAtsusaka/cWise}
                                                  \AsIs{,
Somewhere in the math formula just ended, you used the
stated character from an undefined font family. For example,
plain TeX doesn't allow \it or \sl in subscripts. Proceed,
and I'll try to forget that I needed that character.

! \textfont 0 is undefined (character e).
\Url@FormatString ...\Url@String \UrlRight \m@th $
                                                  
l.23 ...url{https://github.com/YukiAtsusaka/cWise}
                                                  \AsIs{,
Somewhere in the math formula just ended, you used the
stated character from an undefined font family. For example,
plain TeX doesn't allow \it or \sl in subscripts. Proceed,
and I'll try to forget that I needed that character.

! \textfont 0 is undefined (character h).
\Url@FormatString ...\Url@String \UrlRight \m@th $
                                                  
l.24 }\url{https://www.atsusaka.org/cwise/}
                                           \AsIs{}
Somewhere in the math formula just ended, you used the
stated character from an undefined font family. For example,
plain TeX doesn't allow \it or \sl in subscripts. Proceed,
and I'll try to forget that I needed that character.

! \textfont 0 is undefined (character t).
\Url@FormatString ...\Url@String \UrlRight \m@th $
                                                  
l.24 }\url{https://www.atsusaka.org/cwise/}
                                           \AsIs{}
Somewhere in the math formula just ended, you used the
stated character from an undefined font family. For example,
plain TeX doesn't allow \it or \sl in subscripts. Proceed,
and I'll try to forget that I needed that character.

! \textfont 0 is undefined (character t).
\Url@FormatString ...\Url@String \UrlRight \m@th $
                                                  
l.24 }\url{https://www.atsusaka.org/cwise/}
                                           \AsIs{}
Somewhere in the math formula just ended, you used the
stated character from an undefined font family. For example,
plain TeX doesn't allow \it or \sl in subscripts. Proceed,
and I'll try to forget that I needed that character.

! \textfont 0 is undefined (character p).
\Url@FormatString ...\Url@String \UrlRight \m@th $
                                                  
l.24 }\url{https://www.atsusaka.org/cwise/}
                                           \AsIs{}
Somewhere in the math formula just ended, you used the
stated character from an undefined font family. For example,
plain TeX doesn't allow \it or \sl in subscripts. Proceed,
and I'll try to forget that I needed that character.

! \textfont 0 is undefined (character s).
\Url@FormatString ...\Url@String \UrlRight \m@th $
                                                  
l.24 }\url{https://www.atsusaka.org/cwise/}
                                           \AsIs{}
Somewhere in the math formula just ended, you used the
stated character from an undefined font family. For example,
plain TeX doesn't allow \it or \sl in subscripts. Proceed,
and I'll try to forget that I needed that character.

! \textfont 0 is undefined (character :).
\Url@FormatString ...\Url@String \UrlRight \m@th $
                                                  
l.24 }\url{https://www.atsusaka.org/cwise/}
                                           \AsIs{}
Somewhere in the math formula just ended, you used the
stated character from an undefined font family. For example,
plain TeX doesn't allow \it or \sl in subscripts. Proceed,
and I'll try to forget that I needed that character.

! \textfont 0 is undefined (character /).
\Url@FormatString ...\Url@String \UrlRight \m@th $
                                                  
l.24 }\url{https://www.atsusaka.org/cwise/}
                                           \AsIs{}
Somewhere in the math formula just ended, you used the
stated character from an undefined font family. For example,
plain TeX doesn't allow \it or \sl in subscripts. Proceed,
and I'll try to forget that I needed that character.

! \textfont 0 is undefined (character /).
\Url@FormatString ...\Url@String \UrlRight \m@th $
                                                  
l.24 }\url{https://www.atsusaka.org/cwise/}
                                           \AsIs{}
Somewhere in the math formula just ended, you used the
stated character from an undefined font family. For example,
plain TeX doesn't allow \it or \sl in subscripts. Proceed,
and I'll try to forget that I needed that character.

! \textfont 0 is undefined (character w).
\Url@FormatString ...\Url@String \UrlRight \m@th $
                                                  
l.24 }\url{https://www.atsusaka.org/cwise/}
                                           \AsIs{}
Somewhere in the math formula just ended, you used the
stated character from an undefined font family. For example,
plain TeX doesn't allow \it or \sl in subscripts. Proceed,
and I'll try to forget that I needed that character.

! \textfont 0 is undefined (character w).
\Url@FormatString ...\Url@String \UrlRight \m@th $
                                                  
l.24 }\url{https://www.atsusaka.org/cwise/}
                                           \AsIs{}
Somewhere in the math formula just ended, you used the
stated character from an undefined font family. For example,
plain TeX doesn't allow \it or \sl in subscripts. Proceed,
and I'll try to forget that I needed that character.

! \textfont 0 is undefined (character w).
\Url@FormatString ...\Url@String \UrlRight \m@th $
                                                  
l.24 }\url{https://www.atsusaka.org/cwise/}
                                           \AsIs{}
Somewhere in the math formula just ended, you used the
stated character from an undefined font family. For example,
plain TeX doesn't allow \it or \sl in subscripts. Proceed,
and I'll try to forget that I needed that character.

! \textfont 0 is undefined (character .).
\Url@FormatString ...\Url@String \UrlRight \m@th $
                                                  
l.24 }\url{https://www.atsusaka.org/cwise/}
                                           \AsIs{}
Somewhere in the math formula just ended, you used the
stated character from an undefined font family. For example,
plain TeX doesn't allow \it or \sl in subscripts. Proceed,
and I'll try to forget that I needed that character.

! \textfont 0 is undefined (character a).
\Url@FormatString ...\Url@String \UrlRight \m@th $
                                                  
l.24 }\url{https://www.atsusaka.org/cwise/}
                                           \AsIs{}
Somewhere in the math formula just ended, you used the
stated character from an undefined font family. For example,
plain TeX doesn't allow \it or \sl in subscripts. Proceed,
and I'll try to forget that I needed that character.

! \textfont 0 is undefined (character t).
\Url@FormatString ...\Url@String \UrlRight \m@th $
                                                  
l.24 }\url{https://www.atsusaka.org/cwise/}
                                           \AsIs{}
Somewhere in the math formula just ended, you used the
stated character from an undefined font family. For example,
plain TeX doesn't allow \it or \sl in subscripts. Proceed,
and I'll try to forget that I needed that character.

! \textfont 0 is undefined (character s).
\Url@FormatString ...\Url@String \UrlRight \m@th $
                                                  
l.24 }\url{https://www.atsusaka.org/cwise/}
                                           \AsIs{}
Somewhere in the math formula just ended, you used the
stated character from an undefined font family. For example,
plain TeX doesn't allow \it or \sl in subscripts. Proceed,
and I'll try to forget that I needed that character.

! \textfont 0 is undefined (character u).
\Url@FormatString ...\Url@String \UrlRight \m@th $
                                                  
l.24 }\url{https://www.atsusaka.org/cwise/}
                                           \AsIs{}
Somewhere in the math formula just ended, you used the
stated character from an undefined font family. For example,
plain TeX doesn't allow \it or \sl in subscripts. Proceed,
and I'll try to forget that I needed that character.

! \textfont 0 is undefined (character s).
\Url@FormatString ...\Url@String \UrlRight \m@th $
                                                  
l.24 }\url{https://www.atsusaka.org/cwise/}
                                           \AsIs{}
Somewhere in the math formula just ended, you used the
stated character from an undefined font family. For example,
plain TeX doesn't allow \it or \sl in subscripts. Proceed,
and I'll try to forget that I needed that character.

! \textfont 0 is undefined (character a).
\Url@FormatString ...\Url@String \UrlRight \m@th $
                                                  
l.24 }\url{https://www.atsusaka.org/cwise/}
                                           \AsIs{}
Somewhere in the math formula just ended, you used the
stated character from an undefined font family. For example,
plain TeX doesn't allow \it or \sl in subscripts. Proceed,
and I'll try to forget that I needed that character.

! \textfont 0 is undefined (character k).
\Url@FormatString ...\Url@String \UrlRight \m@th $
                                                  
l.24 }\url{https://www.atsusaka.org/cwise/}
                                           \AsIs{}
Somewhere in the math formula just ended, you used the
stated character from an undefined font family. For example,
plain TeX doesn't allow \it or \sl in subscripts. Proceed,
and I'll try to forget that I needed that character.

! \textfont 0 is undefined (character a).
\Url@FormatString ...\Url@String \UrlRight \m@th $
                                                  
l.24 }\url{https://www.atsusaka.org/cwise/}
                                           \AsIs{}
Somewhere in the math formula just ended, you used the
stated character from an undefined font family. For example,
plain TeX doesn't allow \it or \sl in subscripts. Proceed,
and I'll try to forget that I needed that character.

! \textfont 0 is undefined (character .).
\Url@FormatString ...\Url@String \UrlRight \m@th $
                                                  
l.24 }\url{https://www.atsusaka.org/cwise/}
                                           \AsIs{}
Somewhere in the math formula just ended, you used the
stated character from an undefined font family. For example,
plain TeX doesn't allow \it or \sl in subscripts. Proceed,
and I'll try to forget that I needed that character.

! \textfont 0 is undefined (character o).
\Url@FormatString ...\Url@String \UrlRight \m@th $
                                                  
l.24 }\url{https://www.atsusaka.org/cwise/}
                                           \AsIs{}
Somewhere in the math formula just ended, you used the
stated character from an undefined font family. For example,
plain TeX doesn't allow \it or \sl in subscripts. Proceed,
and I'll try to forget that I needed that character.

! \textfont 0 is undefined (character r).
\Url@FormatString ...\Url@String \UrlRight \m@th $
                                                  
l.24 }\url{https://www.atsusaka.org/cwise/}
                                           \AsIs{}
Somewhere in the math formula just ended, you used the
stated character from an undefined font family. For example,
plain TeX doesn't allow \it or \sl in subscripts. Proceed,
and I'll try to forget that I needed that character.

! \textfont 0 is undefined (character g).
\Url@FormatString ...\Url@String \UrlRight \m@th $
                                                  
l.24 }\url{https://www.atsusaka.org/cwise/}
                                           \AsIs{}
Somewhere in the math formula just ended, you used the
stated character from an undefined font family. For example,
plain TeX doesn't allow \it or \sl in subscripts. Proceed,
and I'll try to forget that I needed that character.

! \textfont 0 is undefined (character /).
\Url@FormatString ...\Url@String \UrlRight \m@th $
                                                  
l.24 }\url{https://www.atsusaka.org/cwise/}
                                           \AsIs{}
Somewhere in the math formula just ended, you used the
stated character from an undefined font family. For example,
plain TeX doesn't allow \it or \sl in subscripts. Proceed,
and I'll try to forget that I needed that character.

! \textfont 0 is undefined (character c).
\Url@FormatString ...\Url@String \UrlRight \m@th $
                                                  
l.24 }\url{https://www.atsusaka.org/cwise/}
                                           \AsIs{}
Somewhere in the math formula just ended, you used the
stated character from an undefined font family. For example,
plain TeX doesn't allow \it or \sl in subscripts. Proceed,
and I'll try to forget that I needed that character.

! \textfont 0 is undefined (character w).
\Url@FormatString ...\Url@String \UrlRight \m@th $
                                                  
l.24 }\url{https://www.atsusaka.org/cwise/}
                                           \AsIs{}
Somewhere in the math formula just ended, you used the
stated character from an undefined font family. For example,
plain TeX doesn't allow \it or \sl in subscripts. Proceed,
and I'll try to forget that I needed that character.

! \textfont 0 is undefined (character i).
\Url@FormatString ...\Url@String \UrlRight \m@th $
                                                  
l.24 }\url{https://www.atsusaka.org/cwise/}
                                           \AsIs{}
Somewhere in the math formula just ended, you used the
stated character from an undefined font family. For example,
plain TeX doesn't allow \it or \sl in subscripts. Proceed,
and I'll try to forget that I needed that character.

! \textfont 0 is undefined (character s).
\Url@FormatString ...\Url@String \UrlRight \m@th $
                                                  
l.24 }\url{https://www.atsusaka.org/cwise/}
                                           \AsIs{}
Somewhere in the math formula just ended, you used the
stated character from an undefined font family. For example,
plain TeX doesn't allow \it or \sl in subscripts. Proceed,
and I'll try to forget that I needed that character.

! \textfont 0 is undefined (character e).
\Url@FormatString ...\Url@String \UrlRight \m@th $
                                                  
l.24 }\url{https://www.atsusaka.org/cwise/}
                                           \AsIs{}
Somewhere in the math formula just ended, you used the
stated character from an undefined font family. For example,
plain TeX doesn't allow \it or \sl in subscripts. Proceed,
and I'll try to forget that I needed that character.

! \textfont 0 is undefined (character /).
\Url@FormatString ...\Url@String \UrlRight \m@th $
                                                  
l.24 }\url{https://www.atsusaka.org/cwise/}
                                           \AsIs{}
Somewhere in the math formula just ended, you used the
stated character from an undefined font family. For example,
plain TeX doesn't allow \it or \sl in subscripts. Proceed,
and I'll try to forget that I needed that character.

! \textfont 0 is undefined (character h).
\Url@FormatString ...\Url@String \UrlRight \m@th $
                                                  
l.25 ...ps://github.com/YukiAtsusaka/cWise/issues}
                                                  \AsIs{}
Somewhere in the math formula just ended, you used the
stated character from an undefined font family. For example,
plain TeX doesn't allow \it or \sl in subscripts. Proceed,
and I'll try to forget that I needed that character.

! \textfont 0 is undefined (character t).
\Url@FormatString ...\Url@String \UrlRight \m@th $
                                                  
l.25 ...ps://github.com/YukiAtsusaka/cWise/issues}
                                                  \AsIs{}
Somewhere in the math formula just ended, you used the
stated character from an undefined font family. For example,
plain TeX doesn't allow \it or \sl in subscripts. Proceed,
and I'll try to forget that I needed that character.

! \textfont 0 is undefined (character t).
\Url@FormatString ...\Url@String \UrlRight \m@th $
                                                  
l.25 ...ps://github.com/YukiAtsusaka/cWise/issues}
                                                  \AsIs{}
Somewhere in the math formula just ended, you used the
stated character from an undefined font family. For example,
plain TeX doesn't allow \it or \sl in subscripts. Proceed,
and I'll try to forget that I needed that character.

! \textfont 0 is undefined (character p).
\Url@FormatString ...\Url@String \UrlRight \m@th $
                                                  
l.25 ...ps://github.com/YukiAtsusaka/cWise/issues}
                                                  \AsIs{}
Somewhere in the math formula just ended, you used the
stated character from an undefined font family. For example,
plain TeX doesn't allow \it or \sl in subscripts. Proceed,
and I'll try to forget that I needed that character.

! \textfont 0 is undefined (character s).
\Url@FormatString ...\Url@String \UrlRight \m@th $
                                                  
l.25 ...ps://github.com/YukiAtsusaka/cWise/issues}
                                                  \AsIs{}
Somewhere in the math formula just ended, you used the
stated character from an undefined font family. For example,
plain TeX doesn't allow \it or \sl in subscripts. Proceed,
and I'll try to forget that I needed that character.

! \textfont 0 is undefined (character :).
\Url@FormatString ...\Url@String \UrlRight \m@th $
                                                  
l.25 ...ps://github.com/YukiAtsusaka/cWise/issues}
                                                  \AsIs{}
Somewhere in the math formula just ended, you used the
stated character from an undefined font family. For example,
plain TeX doesn't allow \it or \sl in subscripts. Proceed,
and I'll try to forget that I needed that character.

! \textfont 0 is undefined (character /).
\Url@FormatString ...\Url@String \UrlRight \m@th $
                                                  
l.25 ...ps://github.com/YukiAtsusaka/cWise/issues}
                                                  \AsIs{}
Somewhere in the math formula just ended, you used the
stated character from an undefined font family. For example,
plain TeX doesn't allow \it or \sl in subscripts. Proceed,
and I'll try to forget that I needed that character.

! \textfont 0 is undefined (character /).
\Url@FormatString ...\Url@String \UrlRight \m@th $
                                                  
l.25 ...ps://github.com/YukiAtsusaka/cWise/issues}
                                                  \AsIs{}
Somewhere in the math formula just ended, you used the
stated character from an undefined font family. For example,
plain TeX doesn't allow \it or \sl in subscripts. Proceed,
and I'll try to forget that I needed that character.

! \textfont 0 is undefined (character g).
\Url@FormatString ...\Url@String \UrlRight \m@th $
                                                  
l.25 ...ps://github.com/YukiAtsusaka/cWise/issues}
                                                  \AsIs{}
Somewhere in the math formula just ended, you used the
stated character from an undefined font family. For example,
plain TeX doesn't allow \it or \sl in subscripts. Proceed,
and I'll try to forget that I needed that character.

! \textfont 0 is undefined (character i).
\Url@FormatString ...\Url@String \UrlRight \m@th $
                                                  
l.25 ...ps://github.com/YukiAtsusaka/cWise/issues}
                                                  \AsIs{}
Somewhere in the math formula just ended, you used the
stated character from an undefined font family. For example,
plain TeX doesn't allow \it or \sl in subscripts. Proceed,
and I'll try to forget that I needed that character.

! \textfont 0 is undefined (character t).
\Url@FormatString ...\Url@String \UrlRight \m@th $
                                                  
l.25 ...ps://github.com/YukiAtsusaka/cWise/issues}
                                                  \AsIs{}
Somewhere in the math formula just ended, you used the
stated character from an undefined font family. For example,
plain TeX doesn't allow \it or \sl in subscripts. Proceed,
and I'll try to forget that I needed that character.

! \textfont 0 is undefined (character h).
\Url@FormatString ...\Url@String \UrlRight \m@th $
                                                  
l.25 ...ps://github.com/YukiAtsusaka/cWise/issues}
                                                  \AsIs{}
Somewhere in the math formula just ended, you used the
stated character from an undefined font family. For example,
plain TeX doesn't allow \it or \sl in subscripts. Proceed,
and I'll try to forget that I needed that character.

! \textfont 0 is undefined (character u).
\Url@FormatString ...\Url@String \UrlRight \m@th $
                                                  
l.25 ...ps://github.com/YukiAtsusaka/cWise/issues}
                                                  \AsIs{}
Somewhere in the math formula just ended, you used the
stated character from an undefined font family. For example,
plain TeX doesn't allow \it or \sl in subscripts. Proceed,
and I'll try to forget that I needed that character.

! \textfont 0 is undefined (character b).
\Url@FormatString ...\Url@String \UrlRight \m@th $
                                                  
l.25 ...ps://github.com/YukiAtsusaka/cWise/issues}
                                                  \AsIs{}
Somewhere in the math formula just ended, you used the
stated character from an undefined font family. For example,
plain TeX doesn't allow \it or \sl in subscripts. Proceed,
and I'll try to forget that I needed that character.

! \textfont 0 is undefined (character .).
\Url@FormatString ...\Url@String \UrlRight \m@th $
                                                  
l.25 ...ps://github.com/YukiAtsusaka/cWise/issues}
                                                  \AsIs{}
Somewhere in the math formula just ended, you used the
stated character from an undefined font family. For example,
plain TeX doesn't allow \it or \sl in subscripts. Proceed,
and I'll try to forget that I needed that character.

! \textfont 0 is undefined (character c).
\Url@FormatString ...\Url@String \UrlRight \m@th $
                                                  
l.25 ...ps://github.com/YukiAtsusaka/cWise/issues}
                                                  \AsIs{}
Somewhere in the math formula just ended, you used the
stated character from an undefined font family. For example,
plain TeX doesn't allow \it or \sl in subscripts. Proceed,
and I'll try to forget that I needed that character.

! \textfont 0 is undefined (character o).
\Url@FormatString ...\Url@String \UrlRight \m@th $
                                                  
l.25 ...ps://github.com/YukiAtsusaka/cWise/issues}
                                                  \AsIs{}
Somewhere in the math formula just ended, you used the
stated character from an undefined font family. For example,
plain TeX doesn't allow \it or \sl in subscripts. Proceed,
and I'll try to forget that I needed that character.

! \textfont 0 is undefined (character m).
\Url@FormatString ...\Url@String \UrlRight \m@th $
                                                  
l.25 ...ps://github.com/YukiAtsusaka/cWise/issues}
                                                  \AsIs{}
Somewhere in the math formula just ended, you used the
stated character from an undefined font family. For example,
plain TeX doesn't allow \it or \sl in subscripts. Proceed,
and I'll try to forget that I needed that character.

! \textfont 0 is undefined (character /).
\Url@FormatString ...\Url@String \UrlRight \m@th $
                                                  
l.25 ...ps://github.com/YukiAtsusaka/cWise/issues}
                                                  \AsIs{}
Somewhere in the math formula just ended, you used the
stated character from an undefined font family. For example,
plain TeX doesn't allow \it or \sl in subscripts. Proceed,
and I'll try to forget that I needed that character.

! \textfont 0 is undefined (character Y).
\Url@FormatString ...\Url@String \UrlRight \m@th $
                                                  
l.25 ...ps://github.com/YukiAtsusaka/cWise/issues}
                                                  \AsIs{}
Somewhere in the math formula just ended, you used the
stated character from an undefined font family. For example,
plain TeX doesn't allow \it or \sl in subscripts. Proceed,
and I'll try to forget that I needed that character.

! \textfont 0 is undefined (character u).
\Url@FormatString ...\Url@String \UrlRight \m@th $
                                                  
l.25 ...ps://github.com/YukiAtsusaka/cWise/issues}
                                                  \AsIs{}
Somewhere in the math formula just ended, you used the
stated character from an undefined font family. For example,
plain TeX doesn't allow \it or \sl in subscripts. Proceed,
and I'll try to forget that I needed that character.

! \textfont 0 is undefined (character k).
\Url@FormatString ...\Url@String \UrlRight \m@th $
                                                  
l.25 ...ps://github.com/YukiAtsusaka/cWise/issues}
                                                  \AsIs{}
Somewhere in the math formula just ended, you used the
stated character from an undefined font family. For example,
plain TeX doesn't allow \it or \sl in subscripts. Proceed,
and I'll try to forget that I needed that character.

! \textfont 0 is undefined (character i).
\Url@FormatString ...\Url@String \UrlRight \m@th $
                                                  
l.25 ...ps://github.com/YukiAtsusaka/cWise/issues}
                                                  \AsIs{}
Somewhere in the math formula just ended, you used the
stated character from an undefined font family. For example,
plain TeX doesn't allow \it or \sl in subscripts. Proceed,
and I'll try to forget that I needed that character.

! \textfont 0 is undefined (character A).
\Url@FormatString ...\Url@String \UrlRight \m@th $
                                                  
l.25 ...ps://github.com/YukiAtsusaka/cWise/issues}
                                                  \AsIs{}
Somewhere in the math formula just ended, you used the
stated character from an undefined font family. For example,
plain TeX doesn't allow \it or \sl in subscripts. Proceed,
and I'll try to forget that I needed that character.

! \textfont 0 is undefined (character t).
\Url@FormatString ...\Url@String \UrlRight \m@th $
                                                  
l.25 ...ps://github.com/YukiAtsusaka/cWise/issues}
                                                  \AsIs{}
Somewhere in the math formula just ended, you used the
stated character from an undefined font family. For example,
plain TeX doesn't allow \it or \sl in subscripts. Proceed,
and I'll try to forget that I needed that character.

! \textfont 0 is undefined (character s).
\Url@FormatString ...\Url@String \UrlRight \m@th $
                                                  
l.25 ...ps://github.com/YukiAtsusaka/cWise/issues}
                                                  \AsIs{}
Somewhere in the math formula just ended, you used the
stated character from an undefined font family. For example,
plain TeX doesn't allow \it or \sl in subscripts. Proceed,
and I'll try to forget that I needed that character.

! \textfont 0 is undefined (character u).
\Url@FormatString ...\Url@String \UrlRight \m@th $
                                                  
l.25 ...ps://github.com/YukiAtsusaka/cWise/issues}
                                                  \AsIs{}
Somewhere in the math formula just ended, you used the
stated character from an undefined font family. For example,
plain TeX doesn't allow \it or \sl in subscripts. Proceed,
and I'll try to forget that I needed that character.

! \textfont 0 is undefined (character s).
\Url@FormatString ...\Url@String \UrlRight \m@th $
                                                  
l.25 ...ps://github.com/YukiAtsusaka/cWise/issues}
                                                  \AsIs{}
Somewhere in the math formula just ended, you used the
stated character from an undefined font family. For example,
plain TeX doesn't allow \it or \sl in subscripts. Proceed,
and I'll try to forget that I needed that character.

! \textfont 0 is undefined (character a).
\Url@FormatString ...\Url@String \UrlRight \m@th $
                                                  
l.25 ...ps://github.com/YukiAtsusaka/cWise/issues}
                                                  \AsIs{}
Somewhere in the math formula just ended, you used the
stated character from an undefined font family. For example,
plain TeX doesn't allow \it or \sl in subscripts. Proceed,
and I'll try to forget that I needed that character.

! \textfont 0 is undefined (character k).
\Url@FormatString ...\Url@String \UrlRight \m@th $
                                                  
l.25 ...ps://github.com/YukiAtsusaka/cWise/issues}
                                                  \AsIs{}
Somewhere in the math formula just ended, you used the
stated character from an undefined font family. For example,
plain TeX doesn't allow \it or \sl in subscripts. Proceed,
and I'll try to forget that I needed that character.

! \textfont 0 is undefined (character a).
\Url@FormatString ...\Url@String \UrlRight \m@th $
                                                  
l.25 ...ps://github.com/YukiAtsusaka/cWise/issues}
                                                  \AsIs{}
Somewhere in the math formula just ended, you used the
stated character from an undefined font family. For example,
plain TeX doesn't allow \it or \sl in subscripts. Proceed,
and I'll try to forget that I needed that character.

! \textfont 0 is undefined (character /).
\Url@FormatString ...\Url@String \UrlRight \m@th $
                                                  
l.25 ...ps://github.com/YukiAtsusaka/cWise/issues}
                                                  \AsIs{}
Somewhere in the math formula just ended, you used the
stated character from an undefined font family. For example,
plain TeX doesn't allow \it or \sl in subscripts. Proceed,
and I'll try to forget that I needed that character.

! \textfont 0 is undefined (character c).
\Url@FormatString ...\Url@String \UrlRight \m@th $
                                                  
l.25 ...ps://github.com/YukiAtsusaka/cWise/issues}
                                                  \AsIs{}
Somewhere in the math formula just ended, you used the
stated character from an undefined font family. For example,
plain TeX doesn't allow \it or \sl in subscripts. Proceed,
and I'll try to forget that I needed that character.

! \textfont 0 is undefined (character W).
\Url@FormatString ...\Url@String \UrlRight \m@th $
                                                  
l.25 ...ps://github.com/YukiAtsusaka/cWise/issues}
                                                  \AsIs{}
Somewhere in the math formula just ended, you used the
stated character from an undefined font family. For example,
plain TeX doesn't allow \it or \sl in subscripts. Proceed,
and I'll try to forget that I needed that character.

! \textfont 0 is undefined (character i).
\Url@FormatString ...\Url@String \UrlRight \m@th $
                                                  
l.25 ...ps://github.com/YukiAtsusaka/cWise/issues}
                                                  \AsIs{}
Somewhere in the math formula just ended, you used the
stated character from an undefined font family. For example,
plain TeX doesn't allow \it or \sl in subscripts. Proceed,
and I'll try to forget that I needed that character.

! \textfont 0 is undefined (character s).
\Url@FormatString ...\Url@String \UrlRight \m@th $
                                                  
l.25 ...ps://github.com/YukiAtsusaka/cWise/issues}
                                                  \AsIs{}
Somewhere in the math formula just ended, you used the
stated character from an undefined font family. For example,
plain TeX doesn't allow \it or \sl in subscripts. Proceed,
and I'll try to forget that I needed that character.

! \textfont 0 is undefined (character e).
\Url@FormatString ...\Url@String \UrlRight \m@th $
                                                  
l.25 ...ps://github.com/YukiAtsusaka/cWise/issues}
                                                  \AsIs{}
Somewhere in the math formula just ended, you used the
stated character from an undefined font family. For example,
plain TeX doesn't allow \it or \sl in subscripts. Proceed,
and I'll try to forget that I needed that character.

! \textfont 0 is undefined (character /).
\Url@FormatString ...\Url@String \UrlRight \m@th $
                                                  
l.25 ...ps://github.com/YukiAtsusaka/cWise/issues}
                                                  \AsIs{}
Somewhere in the math formula just ended, you used the
stated character from an undefined font family. For example,
plain TeX doesn't allow \it or \sl in subscripts. Proceed,
and I'll try to forget that I needed that character.

! \textfont 0 is undefined (character i).
\Url@FormatString ...\Url@String \UrlRight \m@th $
                                                  
l.25 ...ps://github.com/YukiAtsusaka/cWise/issues}
                                                  \AsIs{}
Somewhere in the math formula just ended, you used the
stated character from an undefined font family. For example,
plain TeX doesn't allow \it or \sl in subscripts. Proceed,
and I'll try to forget that I needed that character.

! \textfont 0 is undefined (character s).
\Url@FormatString ...\Url@String \UrlRight \m@th $
                                                  
l.25 ...ps://github.com/YukiAtsusaka/cWise/issues}
                                                  \AsIs{}
Somewhere in the math formula just ended, you used the
stated character from an undefined font family. For example,
plain TeX doesn't allow \it or \sl in subscripts. Proceed,
and I'll try to forget that I needed that character.

! \textfont 0 is undefined (character s).
\Url@FormatString ...\Url@String \UrlRight \m@th $
                                                  
l.25 ...ps://github.com/YukiAtsusaka/cWise/issues}
                                                  \AsIs{}
Somewhere in the math formula just ended, you used the
stated character from an undefined font family. For example,
plain TeX doesn't allow \it or \sl in subscripts. Proceed,
and I'll try to forget that I needed that character.

! \textfont 0 is undefined (character u).
\Url@FormatString ...\Url@String \UrlRight \m@th $
                                                  
l.25 ...ps://github.com/YukiAtsusaka/cWise/issues}
                                                  \AsIs{}
Somewhere in the math formula just ended, you used the
stated character from an undefined font family. For example,
plain TeX doesn't allow \it or \sl in subscripts. Proceed,
and I'll try to forget that I needed that character.

! \textfont 0 is undefined (character e).
\Url@FormatString ...\Url@String \UrlRight \m@th $
                                                  
l.25 ...ps://github.com/YukiAtsusaka/cWise/issues}
                                                  \AsIs{}
Somewhere in the math formula just ended, you used the
stated character from an undefined font family. For example,
plain TeX doesn't allow \it or \sl in subscripts. Proceed,
and I'll try to forget that I needed that character.

! \textfont 0 is undefined (character s).
\Url@FormatString ...\Url@String \UrlRight \m@th $
                                                  
l.25 ...ps://github.com/YukiAtsusaka/cWise/issues}
                                                  \AsIs{}
Somewhere in the math formula just ended, you used the
stated character from an undefined font family. For example,
plain TeX doesn't allow \it or \sl in subscripts. Proceed,
and I'll try to forget that I needed that character.

Missing character: There is no < in font nullfont!
Missing character: There is no a in font nullfont!
Missing character: There is no t in font nullfont!
Missing character: There is no s in font nullfont!
Missing character: There is no u in font nullfont!
Missing character: There is no s in font nullfont!
Missing character: There is no a in font nullfont!
Missing character: There is no k in font nullfont!
Missing character: There is no a in font nullfont!
Missing character: There is no @ in font nullfont!
Missing character: There is no u in font nullfont!
Missing character: There is no h in font nullfont!
Missing character: There is no . in font nullfont!
Missing character: There is no e in font nullfont!
Missing character: There is no d in font nullfont!
Missing character: There is no u in font nullfont!
Missing character: There is no > in font nullfont!
(./Rd2.toc [1


{t:/texmf-var/fonts/map/pdftex/updmap/pdftex.map}{t:/texmf-dist/fonts/enc/dvips/base/8r.enc}])
\tf@toc=\write4
\openout4 = `Rd2.toc'.


Missing character: There is no c in font nullfont!
Missing character: There is no W in font nullfont!
Missing character: There is no i in font nullfont!
Missing character: There is no s in font nullfont!
Missing character: There is no e in font nullfont!
Missing character: There is no - in font nullfont!
Missing character: There is no p in font nullfont!
Missing character: There is no a in font nullfont!
Missing character: There is no c in font nullfont!
Missing character: There is no k in font nullfont!
Missing character: There is no a in font nullfont!
Missing character: There is no g in font nullfont!
Missing character: There is no e in font nullfont!
Missing character: There is no c in font nullfont!
Missing character: There is no W in font nullfont!
Missing character: There is no i in font nullfont!
Missing character: There is no s in font nullfont!
Missing character: There is no e in font nullfont!
Missing character: There is no - in font nullfont!
Missing character: There is no p in font nullfont!
Missing character: There is no a in font nullfont!
Missing character: There is no c in font nullfont!
Missing character: There is no k in font nullfont!
Missing character: There is no a in font nullfont!
Missing character: There is no g in font nullfont!
Missing character: There is no e in font nullfont!
Missing character: There is no < in font nullfont!
Missing character: There is no a in font nullfont!
Missing character: There is no t in font nullfont!
Missing character: There is no s in font nullfont!
Missing character: There is no u in font nullfont!
Missing character: There is no s in font nullfont!
Missing character: There is no a in font nullfont!
Missing character: There is no k in font nullfont!
Missing character: There is no a in font nullfont!
Missing character: There is no @ in font nullfont!
Missing character: There is no u in font nullfont!
Missing character: There is no h in font nullfont!
Missing character: There is no . in font nullfont!
Missing character: There is no e in font nullfont!
Missing character: There is no d in font nullfont!
Missing character: There is no u in font nullfont!
Missing character: There is no > in font nullfont!
LaTeX Font Info:    Trying to load font information for TS1+ptm on input line 55.
(t:/texmf-dist/tex/latex/psnfss/ts1ptm.fd
File: ts1ptm.fd 2001/06/04 font definitions for TS1/ptm.
)
Missing character: There is no < in font nullfont!
Missing character: There is no k in font nullfont!
Missing character: There is no d in font nullfont!
Missing character: There is no u in font nullfont!
Missing character: There is no m in font nullfont!
Missing character: There is no a in font nullfont!
Missing character: There is no s in font nullfont!
Missing character: There is no @ in font nullfont!
Missing character: There is no u in font nullfont!
Missing character: There is no h in font nullfont!
Missing character: There is no . in font nullfont!
Missing character: There is no e in font nullfont!
Missing character: There is no d in font nullfont!
Missing character: There is no u in font nullfont!
Missing character: There is no > in font nullfont!
! \textfont 0 is undefined (character h).
\Url@FormatString ...\Url@String \UrlRight \m@th $
                                                  
l.66 ...url{https://github.com/YukiAtsusaka/cWise}
                                                  
Somewhere in the math formula just ended, you used the
stated character from an undefined font family. For example,
plain TeX doesn't allow \it or \sl in subscripts. Proceed,
and I'll try to forget that I needed that character.

! \textfont 0 is undefined (character t).
\Url@FormatString ...\Url@String \UrlRight \m@th $
                                                  
l.66 ...url{https://github.com/YukiAtsusaka/cWise}
                                                  
Somewhere in the math formula just ended, you used the
stated character from an undefined font family. For example,
plain TeX doesn't allow \it or \sl in subscripts. Proceed,
and I'll try to forget that I needed that character.

! \textfont 0 is undefined (character t).
\Url@FormatString ...\Url@String \UrlRight \m@th $
                                                  
l.66 ...url{https://github.com/YukiAtsusaka/cWise}
                                                  
Somewhere in the math formula just ended, you used the
stated character from an undefined font family. For example,
plain TeX doesn't allow \it or \sl in subscripts. Proceed,
and I'll try to forget that I needed that character.

! \textfont 0 is undefined (character p).
\Url@FormatString ...\Url@String \UrlRight \m@th $
                                                  
l.66 ...url{https://github.com/YukiAtsusaka/cWise}
                                                  
Somewhere in the math formula just ended, you used the
stated character from an undefined font family. For example,
plain TeX doesn't allow \it or \sl in subscripts. Proceed,
and I'll try to forget that I needed that character.

! \textfont 0 is undefined (character s).
\Url@FormatString ...\Url@String \UrlRight \m@th $
                                                  
l.66 ...url{https://github.com/YukiAtsusaka/cWise}
                                                  
Somewhere in the math formula just ended, you used the
stated character from an undefined font family. For example,
plain TeX doesn't allow \it or \sl in subscripts. Proceed,
and I'll try to forget that I needed that character.

! \textfont 0 is undefined (character :).
\Url@FormatString ...\Url@String \UrlRight \m@th $
                                                  
l.66 ...url{https://github.com/YukiAtsusaka/cWise}
                                                  
Somewhere in the math formula just ended, you used the
stated character from an undefined font family. For example,
plain TeX doesn't allow \it or \sl in subscripts. Proceed,
and I'll try to forget that I needed that character.

! \textfont 0 is undefined (character /).
\Url@FormatString ...\Url@String \UrlRight \m@th $
                                                  
l.66 ...url{https://github.com/YukiAtsusaka/cWise}
                                                  
Somewhere in the math formula just ended, you used the
stated character from an undefined font family. For example,
plain TeX doesn't allow \it or \sl in subscripts. Proceed,
and I'll try to forget that I needed that character.

! \textfont 0 is undefined (character /).
\Url@FormatString ...\Url@String \UrlRight \m@th $
                                                  
l.66 ...url{https://github.com/YukiAtsusaka/cWise}
                                                  
Somewhere in the math formula just ended, you used the
stated character from an undefined font family. For example,
plain TeX doesn't allow \it or \sl in subscripts. Proceed,
and I'll try to forget that I needed that character.

! \textfont 0 is undefined (character g).
\Url@FormatString ...\Url@String \UrlRight \m@th $
                                                  
l.66 ...url{https://github.com/YukiAtsusaka/cWise}
                                                  
Somewhere in the math formula just ended, you used the
stated character from an undefined font family. For example,
plain TeX doesn't allow \it or \sl in subscripts. Proceed,
and I'll try to forget that I needed that character.

! \textfont 0 is undefined (character i).
\Url@FormatString ...\Url@String \UrlRight \m@th $
                                                  
l.66 ...url{https://github.com/YukiAtsusaka/cWise}
                                                  
Somewhere in the math formula just ended, you used the
stated character from an undefined font family. For example,
plain TeX doesn't allow \it or \sl in subscripts. Proceed,
and I'll try to forget that I needed that character.

! \textfont 0 is undefined (character t).
\Url@FormatString ...\Url@String \UrlRight \m@th $
                                                  
l.66 ...url{https://github.com/YukiAtsusaka/cWise}
                                                  
Somewhere in the math formula just ended, you used the
stated character from an undefined font family. For example,
plain TeX doesn't allow \it or \sl in subscripts. Proceed,
and I'll try to forget that I needed that character.

! \textfont 0 is undefined (character h).
\Url@FormatString ...\Url@String \UrlRight \m@th $
                                                  
l.66 ...url{https://github.com/YukiAtsusaka/cWise}
                                                  
Somewhere in the math formula just ended, you used the
stated character from an undefined font family. For example,
plain TeX doesn't allow \it or \sl in subscripts. Proceed,
and I'll try to forget that I needed that character.

! \textfont 0 is undefined (character u).
\Url@FormatString ...\Url@String \UrlRight \m@th $
                                                  
l.66 ...url{https://github.com/YukiAtsusaka/cWise}
                                                  
Somewhere in the math formula just ended, you used the
stated character from an undefined font family. For example,
plain TeX doesn't allow \it or \sl in subscripts. Proceed,
and I'll try to forget that I needed that character.

! \textfont 0 is undefined (character b).
\Url@FormatString ...\Url@String \UrlRight \m@th $
                                                  
l.66 ...url{https://github.com/YukiAtsusaka/cWise}
                                                  
Somewhere in the math formula just ended, you used the
stated character from an undefined font family. For example,
plain TeX doesn't allow \it or \sl in subscripts. Proceed,
and I'll try to forget that I needed that character.

! \textfont 0 is undefined (character .).
\Url@FormatString ...\Url@String \UrlRight \m@th $
                                                  
l.66 ...url{https://github.com/YukiAtsusaka/cWise}
                                                  
Somewhere in the math formula just ended, you used the
stated character from an undefined font family. For example,
plain TeX doesn't allow \it or \sl in subscripts. Proceed,
and I'll try to forget that I needed that character.

! \textfont 0 is undefined (character c).
\Url@FormatString ...\Url@String \UrlRight \m@th $
                                                  
l.66 ...url{https://github.com/YukiAtsusaka/cWise}
                                                  
Somewhere in the math formula just ended, you used the
stated character from an undefined font family. For example,
plain TeX doesn't allow \it or \sl in subscripts. Proceed,
and I'll try to forget that I needed that character.

! \textfont 0 is undefined (character o).
\Url@FormatString ...\Url@String \UrlRight \m@th $
                                                  
l.66 ...url{https://github.com/YukiAtsusaka/cWise}
                                                  
Somewhere in the math formula just ended, you used the
stated character from an undefined font family. For example,
plain TeX doesn't allow \it or \sl in subscripts. Proceed,
and I'll try to forget that I needed that character.

! \textfont 0 is undefined (character m).
\Url@FormatString ...\Url@String \UrlRight \m@th $
                                                  
l.66 ...url{https://github.com/YukiAtsusaka/cWise}
                                                  
Somewhere in the math formula just ended, you used the
stated character from an undefined font family. For example,
plain TeX doesn't allow \it or \sl in subscripts. Proceed,
and I'll try to forget that I needed that character.

! \textfont 0 is undefined (character /).
\Url@FormatString ...\Url@String \UrlRight \m@th $
                                                  
l.66 ...url{https://github.com/YukiAtsusaka/cWise}
                                                  
Somewhere in the math formula just ended, you used the
stated character from an undefined font family. For example,
plain TeX doesn't allow \it or \sl in subscripts. Proceed,
and I'll try to forget that I needed that character.

! \textfont 0 is undefined (character Y).
\Url@FormatString ...\Url@String \UrlRight \m@th $
                                                  
l.66 ...url{https://github.com/YukiAtsusaka/cWise}
                                                  
Somewhere in the math formula just ended, you used the
stated character from an undefined font family. For example,
plain TeX doesn't allow \it or \sl in subscripts. Proceed,
and I'll try to forget that I needed that character.

! \textfont 0 is undefined (character u).
\Url@FormatString ...\Url@String \UrlRight \m@th $
                                                  
l.66 ...url{https://github.com/YukiAtsusaka/cWise}
                                                  
Somewhere in the math formula just ended, you used the
stated character from an undefined font family. For example,
plain TeX doesn't allow \it or \sl in subscripts. Proceed,
and I'll try to forget that I needed that character.

! \textfont 0 is undefined (character k).
\Url@FormatString ...\Url@String \UrlRight \m@th $
                                                  
l.66 ...url{https://github.com/YukiAtsusaka/cWise}
                                                  
Somewhere in the math formula just ended, you used the
stated character from an undefined font family. For example,
plain TeX doesn't allow \it or \sl in subscripts. Proceed,
and I'll try to forget that I needed that character.

! \textfont 0 is undefined (character i).
\Url@FormatString ...\Url@String \UrlRight \m@th $
                                                  
l.66 ...url{https://github.com/YukiAtsusaka/cWise}
                                                  
Somewhere in the math formula just ended, you used the
stated character from an undefined font family. For example,
plain TeX doesn't allow \it or \sl in subscripts. Proceed,
and I'll try to forget that I needed that character.

! \textfont 0 is undefined (character A).
\Url@FormatString ...\Url@String \UrlRight \m@th $
                                                  
l.66 ...url{https://github.com/YukiAtsusaka/cWise}
                                                  
Somewhere in the math formula just ended, you used the
stated character from an undefined font family. For example,
plain TeX doesn't allow \it or \sl in subscripts. Proceed,
and I'll try to forget that I needed that character.

! \textfont 0 is undefined (character t).
\Url@FormatString ...\Url@String \UrlRight \m@th $
                                                  
l.66 ...url{https://github.com/YukiAtsusaka/cWise}
                                                  
Somewhere in the math formula just ended, you used the
stated character from an undefined font family. For example,
plain TeX doesn't allow \it or \sl in subscripts. Proceed,
and I'll try to forget that I needed that character.

! \textfont 0 is undefined (character s).
\Url@FormatString ...\Url@String \UrlRight \m@th $
                                                  
l.66 ...url{https://github.com/YukiAtsusaka/cWise}
                                                  
Somewhere in the math formula just ended, you used the
stated character from an undefined font family. For example,
plain TeX doesn't allow \it or \sl in subscripts. Proceed,
and I'll try to forget that I needed that character.

! \textfont 0 is undefined (character u).
\Url@FormatString ...\Url@String \UrlRight \m@th $
                                                  
l.66 ...url{https://github.com/YukiAtsusaka/cWise}
                                                  
Somewhere in the math formula just ended, you used the
stated character from an undefined font family. For example,
plain TeX doesn't allow \it or \sl in subscripts. Proceed,
and I'll try to forget that I needed that character.

! \textfont 0 is undefined (character s).
\Url@FormatString ...\Url@String \UrlRight \m@th $
                                                  
l.66 ...url{https://github.com/YukiAtsusaka/cWise}
                                                  
Somewhere in the math formula just ended, you used the
stated character from an undefined font family. For example,
plain TeX doesn't allow \it or \sl in subscripts. Proceed,
and I'll try to forget that I needed that character.

! \textfont 0 is undefined (character a).
\Url@FormatString ...\Url@String \UrlRight \m@th $
                                                  
l.66 ...url{https://github.com/YukiAtsusaka/cWise}
                                                  
Somewhere in the math formula just ended, you used the
stated character from an undefined font family. For example,
plain TeX doesn't allow \it or \sl in subscripts. Proceed,
and I'll try to forget that I needed that character.

! \textfont 0 is undefined (character k).
\Url@FormatString ...\Url@String \UrlRight \m@th $
                                                  
l.66 ...url{https://github.com/YukiAtsusaka/cWise}
                                                  
Somewhere in the math formula just ended, you used the
stated character from an undefined font family. For example,
plain TeX doesn't allow \it or \sl in subscripts. Proceed,
and I'll try to forget that I needed that character.

! \textfont 0 is undefined (character a).
\Url@FormatString ...\Url@String \UrlRight \m@th $
                                                  
l.66 ...url{https://github.com/YukiAtsusaka/cWise}
                                                  
Somewhere in the math formula just ended, you used the
stated character from an undefined font family. For example,
plain TeX doesn't allow \it or \sl in subscripts. Proceed,
and I'll try to forget that I needed that character.

! \textfont 0 is undefined (character /).
\Url@FormatString ...\Url@String \UrlRight \m@th $
                                                  
l.66 ...url{https://github.com/YukiAtsusaka/cWise}
                                                  
Somewhere in the math formula just ended, you used the
stated character from an undefined font family. For example,
plain TeX doesn't allow \it or \sl in subscripts. Proceed,
and I'll try to forget that I needed that character.

! \textfont 0 is undefined (character c).
\Url@FormatString ...\Url@String \UrlRight \m@th $
                                                  
l.66 ...url{https://github.com/YukiAtsusaka/cWise}
                                                  
Somewhere in the math formula just ended, you used the
stated character from an undefined font family. For example,
plain TeX doesn't allow \it or \sl in subscripts. Proceed,
and I'll try to forget that I needed that character.

! \textfont 0 is undefined (character W).
\Url@FormatString ...\Url@String \UrlRight \m@th $
                                                  
l.66 ...url{https://github.com/YukiAtsusaka/cWise}
                                                  
Somewhere in the math formula just ended, you used the
stated character from an undefined font family. For example,
plain TeX doesn't allow \it or \sl in subscripts. Proceed,
and I'll try to forget that I needed that character.

! \textfont 0 is undefined (character i).
\Url@FormatString ...\Url@String \UrlRight \m@th $
                                                  
l.66 ...url{https://github.com/YukiAtsusaka/cWise}
                                                  
Somewhere in the math formula just ended, you used the
stated character from an undefined font family. For example,
plain TeX doesn't allow \it or \sl in subscripts. Proceed,
and I'll try to forget that I needed that character.

! \textfont 0 is undefined (character s).
\Url@FormatString ...\Url@String \UrlRight \m@th $
                                                  
l.66 ...url{https://github.com/YukiAtsusaka/cWise}
                                                  
Somewhere in the math formula just ended, you used the
stated character from an undefined font family. For example,
plain TeX doesn't allow \it or \sl in subscripts. Proceed,
and I'll try to forget that I needed that character.

! \textfont 0 is undefined (character e).
\Url@FormatString ...\Url@String \UrlRight \m@th $
                                                  
l.66 ...url{https://github.com/YukiAtsusaka/cWise}
                                                  
Somewhere in the math formula just ended, you used the
stated character from an undefined font family. For example,
plain TeX doesn't allow \it or \sl in subscripts. Proceed,
and I'll try to forget that I needed that character.

! \textfont 0 is undefined (character h).
\Url@FormatString ...\Url@String \UrlRight \m@th $
                                                  
l.67 \item{} \url{https://www.atsusaka.org/cwise/}
                                                  
Somewhere in the math formula just ended, you used the
stated character from an undefined font family. For example,
plain TeX doesn't allow \it or \sl in subscripts. Proceed,
and I'll try to forget that I needed that character.

! \textfont 0 is undefined (character t).
\Url@FormatString ...\Url@String \UrlRight \m@th $
                                                  
l.67 \item{} \url{https://www.atsusaka.org/cwise/}
                                                  
Somewhere in the math formula just ended, you used the
stated character from an undefined font family. For example,
plain TeX doesn't allow \it or \sl in subscripts. Proceed,
and I'll try to forget that I needed that character.

! \textfont 0 is undefined (character t).
\Url@FormatString ...\Url@String \UrlRight \m@th $
                                                  
l.67 \item{} \url{https://www.atsusaka.org/cwise/}
                                                  
Somewhere in the math formula just ended, you used the
stated character from an undefined font family. For example,
plain TeX doesn't allow \it or \sl in subscripts. Proceed,
and I'll try to forget that I needed that character.

! \textfont 0 is undefined (character p).
\Url@FormatString ...\Url@String \UrlRight \m@th $
                                                  
l.67 \item{} \url{https://www.atsusaka.org/cwise/}
                                                  
Somewhere in the math formula just ended, you used the
stated character from an undefined font family. For example,
plain TeX doesn't allow \it or \sl in subscripts. Proceed,
and I'll try to forget that I needed that character.

! \textfont 0 is undefined (character s).
\Url@FormatString ...\Url@String \UrlRight \m@th $
                                                  
l.67 \item{} \url{https://www.atsusaka.org/cwise/}
                                                  
Somewhere in the math formula just ended, you used the
stated character from an undefined font family. For example,
plain TeX doesn't allow \it or \sl in subscripts. Proceed,
and I'll try to forget that I needed that character.

! \textfont 0 is undefined (character :).
\Url@FormatString ...\Url@String \UrlRight \m@th $
                                                  
l.67 \item{} \url{https://www.atsusaka.org/cwise/}
                                                  
Somewhere in the math formula just ended, you used the
stated character from an undefined font family. For example,
plain TeX doesn't allow \it or \sl in subscripts. Proceed,
and I'll try to forget that I needed that character.

! \textfont 0 is undefined (character /).
\Url@FormatString ...\Url@String \UrlRight \m@th $
                                                  
l.67 \item{} \url{https://www.atsusaka.org/cwise/}
                                                  
Somewhere in the math formula just ended, you used the
stated character from an undefined font family. For example,
plain TeX doesn't allow \it or \sl in subscripts. Proceed,
and I'll try to forget that I needed that character.

! \textfont 0 is undefined (character /).
\Url@FormatString ...\Url@String \UrlRight \m@th $
                                                  
l.67 \item{} \url{https://www.atsusaka.org/cwise/}
                                                  
Somewhere in the math formula just ended, you used the
stated character from an undefined font family. For example,
plain TeX doesn't allow \it or \sl in subscripts. Proceed,
and I'll try to forget that I needed that character.

! \textfont 0 is undefined (character w).
\Url@FormatString ...\Url@String \UrlRight \m@th $
                                                  
l.67 \item{} \url{https://www.atsusaka.org/cwise/}
                                                  
Somewhere in the math formula just ended, you used the
stated character from an undefined font family. For example,
plain TeX doesn't allow \it or \sl in subscripts. Proceed,
and I'll try to forget that I needed that character.

! \textfont 0 is undefined (character w).
\Url@FormatString ...\Url@String \UrlRight \m@th $
                                                  
l.67 \item{} \url{https://www.atsusaka.org/cwise/}
                                                  
Somewhere in the math formula just ended, you used the
stated character from an undefined font family. For example,
plain TeX doesn't allow \it or \sl in subscripts. Proceed,
and I'll try to forget that I needed that character.

! \textfont 0 is undefined (character w).
\Url@FormatString ...\Url@String \UrlRight \m@th $
                                                  
l.67 \item{} \url{https://www.atsusaka.org/cwise/}
                                                  
Somewhere in the math formula just ended, you used the
stated character from an undefined font family. For example,
plain TeX doesn't allow \it or \sl in subscripts. Proceed,
and I'll try to forget that I needed that character.

! \textfont 0 is undefined (character .).
\Url@FormatString ...\Url@String \UrlRight \m@th $
                                                  
l.67 \item{} \url{https://www.atsusaka.org/cwise/}
                                                  
Somewhere in the math formula just ended, you used the
stated character from an undefined font family. For example,
plain TeX doesn't allow \it or \sl in subscripts. Proceed,
and I'll try to forget that I needed that character.

! \textfont 0 is undefined (character a).
\Url@FormatString ...\Url@String \UrlRight \m@th $
                                                  
l.67 \item{} \url{https://www.atsusaka.org/cwise/}
                                                  
Somewhere in the math formula just ended, you used the
stated character from an undefined font family. For example,
plain TeX doesn't allow \it or \sl in subscripts. Proceed,
and I'll try to forget that I needed that character.

! \textfont 0 is undefined (character t).
\Url@FormatString ...\Url@String \UrlRight \m@th $
                                                  
l.67 \item{} \url{https://www.atsusaka.org/cwise/}
                                                  
Somewhere in the math formula just ended, you used the
stated character from an undefined font family. For example,
plain TeX doesn't allow \it or \sl in subscripts. Proceed,
and I'll try to forget that I needed that character.

! \textfont 0 is undefined (character s).
\Url@FormatString ...\Url@String \UrlRight \m@th $
                                                  
l.67 \item{} \url{https://www.atsusaka.org/cwise/}
                                                  
Somewhere in the math formula just ended, you used the
stated character from an undefined font family. For example,
plain TeX doesn't allow \it or \sl in subscripts. Proceed,
and I'll try to forget that I needed that character.

! \textfont 0 is undefined (character u).
\Url@FormatString ...\Url@String \UrlRight \m@th $
                                                  
l.67 \item{} \url{https://www.atsusaka.org/cwise/}
                                                  
Somewhere in the math formula just ended, you used the
stated character from an undefined font family. For example,
plain TeX doesn't allow \it or \sl in subscripts. Proceed,
and I'll try to forget that I needed that character.

! \textfont 0 is undefined (character s).
\Url@FormatString ...\Url@String \UrlRight \m@th $
                                                  
l.67 \item{} \url{https://www.atsusaka.org/cwise/}
                                                  
Somewhere in the math formula just ended, you used the
stated character from an undefined font family. For example,
plain TeX doesn't allow \it or \sl in subscripts. Proceed,
and I'll try to forget that I needed that character.

! \textfont 0 is undefined (character a).
\Url@FormatString ...\Url@String \UrlRight \m@th $
                                                  
l.67 \item{} \url{https://www.atsusaka.org/cwise/}
                                                  
Somewhere in the math formula just ended, you used the
stated character from an undefined font family. For example,
plain TeX doesn't allow \it or \sl in subscripts. Proceed,
and I'll try to forget that I needed that character.

! \textfont 0 is undefined (character k).
\Url@FormatString ...\Url@String \UrlRight \m@th $
                                                  
l.67 \item{} \url{https://www.atsusaka.org/cwise/}
                                                  
Somewhere in the math formula just ended, you used the
stated character from an undefined font family. For example,
plain TeX doesn't allow \it or \sl in subscripts. Proceed,
and I'll try to forget that I needed that character.

! \textfont 0 is undefined (character a).
\Url@FormatString ...\Url@String \UrlRight \m@th $
                                                  
l.67 \item{} \url{https://www.atsusaka.org/cwise/}
                                                  
Somewhere in the math formula just ended, you used the
stated character from an undefined font family. For example,
plain TeX doesn't allow \it or \sl in subscripts. Proceed,
and I'll try to forget that I needed that character.

! \textfont 0 is undefined (character .).
\Url@FormatString ...\Url@String \UrlRight \m@th $
                                                  
l.67 \item{} \url{https://www.atsusaka.org/cwise/}
                                                  
Somewhere in the math formula just ended, you used the
stated character from an undefined font family. For example,
plain TeX doesn't allow \it or \sl in subscripts. Proceed,
and I'll try to forget that I needed that character.

! \textfont 0 is undefined (character o).
\Url@FormatString ...\Url@String \UrlRight \m@th $
                                                  
l.67 \item{} \url{https://www.atsusaka.org/cwise/}
                                                  
Somewhere in the math formula just ended, you used the
stated character from an undefined font family. For example,
plain TeX doesn't allow \it or \sl in subscripts. Proceed,
and I'll try to forget that I needed that character.

! \textfont 0 is undefined (character r).
\Url@FormatString ...\Url@String \UrlRight \m@th $
                                                  
l.67 \item{} \url{https://www.atsusaka.org/cwise/}
                                                  
Somewhere in the math formula just ended, you used the
stated character from an undefined font family. For example,
plain TeX doesn't allow \it or \sl in subscripts. Proceed,
and I'll try to forget that I needed that character.

! \textfont 0 is undefined (character g).
\Url@FormatString ...\Url@String \UrlRight \m@th $
                                                  
l.67 \item{} \url{https://www.atsusaka.org/cwise/}
                                                  
Somewhere in the math formula just ended, you used the
stated character from an undefined font family. For example,
plain TeX doesn't allow \it or \sl in subscripts. Proceed,
and I'll try to forget that I needed that character.

! \textfont 0 is undefined (character /).
\Url@FormatString ...\Url@String \UrlRight \m@th $
                                                  
l.67 \item{} \url{https://www.atsusaka.org/cwise/}
                                                  
Somewhere in the math formula just ended, you used the
stated character from an undefined font family. For example,
plain TeX doesn't allow \it or \sl in subscripts. Proceed,
and I'll try to forget that I needed that character.

! \textfont 0 is undefined (character c).
\Url@FormatString ...\Url@String \UrlRight \m@th $
                                                  
l.67 \item{} \url{https://www.atsusaka.org/cwise/}
                                                  
Somewhere in the math formula just ended, you used the
stated character from an undefined font family. For example,
plain TeX doesn't allow \it or \sl in subscripts. Proceed,
and I'll try to forget that I needed that character.

! \textfont 0 is undefined (character w).
\Url@FormatString ...\Url@String \UrlRight \m@th $
                                                  
l.67 \item{} \url{https://www.atsusaka.org/cwise/}
                                                  
Somewhere in the math formula just ended, you used the
stated character from an undefined font family. For example,
plain TeX doesn't allow \it or \sl in subscripts. Proceed,
and I'll try to forget that I needed that character.

! \textfont 0 is undefined (character i).
\Url@FormatString ...\Url@String \UrlRight \m@th $
                                                  
l.67 \item{} \url{https://www.atsusaka.org/cwise/}
                                                  
Somewhere in the math formula just ended, you used the
stated character from an undefined font family. For example,
plain TeX doesn't allow \it or \sl in subscripts. Proceed,
and I'll try to forget that I needed that character.

! \textfont 0 is undefined (character s).
\Url@FormatString ...\Url@String \UrlRight \m@th $
                                                  
l.67 \item{} \url{https://www.atsusaka.org/cwise/}
                                                  
Somewhere in the math formula just ended, you used the
stated character from an undefined font family. For example,
plain TeX doesn't allow \it or \sl in subscripts. Proceed,
and I'll try to forget that I needed that character.

! \textfont 0 is undefined (character e).
\Url@FormatString ...\Url@String \UrlRight \m@th $
                                                  
l.67 \item{} \url{https://www.atsusaka.org/cwise/}
                                                  
Somewhere in the math formula just ended, you used the
stated character from an undefined font family. For example,
plain TeX doesn't allow \it or \sl in subscripts. Proceed,
and I'll try to forget that I needed that character.

! \textfont 0 is undefined (character /).
\Url@FormatString ...\Url@String \UrlRight \m@th $
                                                  
l.67 \item{} \url{https://www.atsusaka.org/cwise/}
                                                  
Somewhere in the math formula just ended, you used the
stated character from an undefined font family. For example,
plain TeX doesn't allow \it or \sl in subscripts. Proceed,
and I'll try to forget that I needed that character.

! \textfont 0 is undefined (character h).
\Url@FormatString ...\Url@String \UrlRight \m@th $
                                                  
l.68 ...ps://github.com/YukiAtsusaka/cWise/issues}
                                                  
Somewhere in the math formula just ended, you used the
stated character from an undefined font family. For example,
plain TeX doesn't allow \it or \sl in subscripts. Proceed,
and I'll try to forget that I needed that character.

! \textfont 0 is undefined (character t).
\Url@FormatString ...\Url@String \UrlRight \m@th $
                                                  
l.68 ...ps://github.com/YukiAtsusaka/cWise/issues}
                                                  
Somewhere in the math formula just ended, you used the
stated character from an undefined font family. For example,
plain TeX doesn't allow \it or \sl in subscripts. Proceed,
and I'll try to forget that I needed that character.

! \textfont 0 is undefined (character t).
\Url@FormatString ...\Url@String \UrlRight \m@th $
                                                  
l.68 ...ps://github.com/YukiAtsusaka/cWise/issues}
                                                  
Somewhere in the math formula just ended, you used the
stated character from an undefined font family. For example,
plain TeX doesn't allow \it or \sl in subscripts. Proceed,
and I'll try to forget that I needed that character.

! \textfont 0 is undefined (character p).
\Url@FormatString ...\Url@String \UrlRight \m@th $
                                                  
l.68 ...ps://github.com/YukiAtsusaka/cWise/issues}
                                                  
Somewhere in the math formula just ended, you used the
stated character from an undefined font family. For example,
plain TeX doesn't allow \it or \sl in subscripts. Proceed,
and I'll try to forget that I needed that character.

! \textfont 0 is undefined (character s).
\Url@FormatString ...\Url@String \UrlRight \m@th $
                                                  
l.68 ...ps://github.com/YukiAtsusaka/cWise/issues}
                                                  
Somewhere in the math formula just ended, you used the
stated character from an undefined font family. For example,
plain TeX doesn't allow \it or \sl in subscripts. Proceed,
and I'll try to forget that I needed that character.

! \textfont 0 is undefined (character :).
\Url@FormatString ...\Url@String \UrlRight \m@th $
                                                  
l.68 ...ps://github.com/YukiAtsusaka/cWise/issues}
                                                  
Somewhere in the math formula just ended, you used the
stated character from an undefined font family. For example,
plain TeX doesn't allow \it or \sl in subscripts. Proceed,
and I'll try to forget that I needed that character.

! \textfont 0 is undefined (character /).
\Url@FormatString ...\Url@String \UrlRight \m@th $
                                                  
l.68 ...ps://github.com/YukiAtsusaka/cWise/issues}
                                                  
Somewhere in the math formula just ended, you used the
stated character from an undefined font family. For example,
plain TeX doesn't allow \it or \sl in subscripts. Proceed,
and I'll try to forget that I needed that character.

! \textfont 0 is undefined (character /).
\Url@FormatString ...\Url@String \UrlRight \m@th $
                                                  
l.68 ...ps://github.com/YukiAtsusaka/cWise/issues}
                                                  
Somewhere in the math formula just ended, you used the
stated character from an undefined font family. For example,
plain TeX doesn't allow \it or \sl in subscripts. Proceed,
and I'll try to forget that I needed that character.

! \textfont 0 is undefined (character g).
\Url@FormatString ...\Url@String \UrlRight \m@th $
                                                  
l.68 ...ps://github.com/YukiAtsusaka/cWise/issues}
                                                  
Somewhere in the math formula just ended, you used the
stated character from an undefined font family. For example,
plain TeX doesn't allow \it or \sl in subscripts. Proceed,
and I'll try to forget that I needed that character.

! \textfont 0 is undefined (character i).
\Url@FormatString ...\Url@String \UrlRight \m@th $
                                                  
l.68 ...ps://github.com/YukiAtsusaka/cWise/issues}
                                                  
Somewhere in the math formula just ended, you used the
stated character from an undefined font family. For example,
plain TeX doesn't allow \it or \sl in subscripts. Proceed,
and I'll try to forget that I needed that character.

! \textfont 0 is undefined (character t).
\Url@FormatString ...\Url@String \UrlRight \m@th $
                                                  
l.68 ...ps://github.com/YukiAtsusaka/cWise/issues}
                                                  
Somewhere in the math formula just ended, you used the
stated character from an undefined font family. For example,
plain TeX doesn't allow \it or \sl in subscripts. Proceed,
and I'll try to forget that I needed that character.

! \textfont 0 is undefined (character h).
\Url@FormatString ...\Url@String \UrlRight \m@th $
                                                  
l.68 ...ps://github.com/YukiAtsusaka/cWise/issues}
                                                  
Somewhere in the math formula just ended, you used the
stated character from an undefined font family. For example,
plain TeX doesn't allow \it or \sl in subscripts. Proceed,
and I'll try to forget that I needed that character.

! \textfont 0 is undefined (character u).
\Url@FormatString ...\Url@String \UrlRight \m@th $
                                                  
l.68 ...ps://github.com/YukiAtsusaka/cWise/issues}
                                                  
Somewhere in the math formula just ended, you used the
stated character from an undefined font family. For example,
plain TeX doesn't allow \it or \sl in subscripts. Proceed,
and I'll try to forget that I needed that character.

! \textfont 0 is undefined (character b).
\Url@FormatString ...\Url@String \UrlRight \m@th $
                                                  
l.68 ...ps://github.com/YukiAtsusaka/cWise/issues}
                                                  
Somewhere in the math formula just ended, you used the
stated character from an undefined font family. For example,
plain TeX doesn't allow \it or \sl in subscripts. Proceed,
and I'll try to forget that I needed that character.

! \textfont 0 is undefined (character .).
\Url@FormatString ...\Url@String \UrlRight \m@th $
                                                  
l.68 ...ps://github.com/YukiAtsusaka/cWise/issues}
                                                  
Somewhere in the math formula just ended, you used the
stated character from an undefined font family. For example,
plain TeX doesn't allow \it or \sl in subscripts. Proceed,
and I'll try to forget that I needed that character.

! \textfont 0 is undefined (character c).
\Url@FormatString ...\Url@String \UrlRight \m@th $
                                                  
l.68 ...ps://github.com/YukiAtsusaka/cWise/issues}
                                                  
Somewhere in the math formula just ended, you used the
stated character from an undefined font family. For example,
plain TeX doesn't allow \it or \sl in subscripts. Proceed,
and I'll try to forget that I needed that character.

! \textfont 0 is undefined (character o).
\Url@FormatString ...\Url@String \UrlRight \m@th $
                                                  
l.68 ...ps://github.com/YukiAtsusaka/cWise/issues}
                                                  
Somewhere in the math formula just ended, you used the
stated character from an undefined font family. For example,
plain TeX doesn't allow \it or \sl in subscripts. Proceed,
and I'll try to forget that I needed that character.

! \textfont 0 is undefined (character m).
\Url@FormatString ...\Url@String \UrlRight \m@th $
                                                  
l.68 ...ps://github.com/YukiAtsusaka/cWise/issues}
                                                  
Somewhere in the math formula just ended, you used the
stated character from an undefined font family. For example,
plain TeX doesn't allow \it or \sl in subscripts. Proceed,
and I'll try to forget that I needed that character.

! \textfont 0 is undefined (character /).
\Url@FormatString ...\Url@String \UrlRight \m@th $
                                                  
l.68 ...ps://github.com/YukiAtsusaka/cWise/issues}
                                                  
Somewhere in the math formula just ended, you used the
stated character from an undefined font family. For example,
plain TeX doesn't allow \it or \sl in subscripts. Proceed,
and I'll try to forget that I needed that character.

! \textfont 0 is undefined (character Y).
\Url@FormatString ...\Url@String \UrlRight \m@th $
                                                  
l.68 ...ps://github.com/YukiAtsusaka/cWise/issues}
                                                  
Somewhere in the math formula just ended, you used the
stated character from an undefined font family. For example,
plain TeX doesn't allow \it or \sl in subscripts. Proceed,
and I'll try to forget that I needed that character.

! \textfont 0 is undefined (character u).
\Url@FormatString ...\Url@String \UrlRight \m@th $
                                                  
l.68 ...ps://github.com/YukiAtsusaka/cWise/issues}
                                                  
Somewhere in the math formula just ended, you used the
stated character from an undefined font family. For example,
plain TeX doesn't allow \it or \sl in subscripts. Proceed,
and I'll try to forget that I needed that character.

! \textfont 0 is undefined (character k).
\Url@FormatString ...\Url@String \UrlRight \m@th $
                                                  
l.68 ...ps://github.com/YukiAtsusaka/cWise/issues}
                                                  
Somewhere in the math formula just ended, you used the
stated character from an undefined font family. For example,
plain TeX doesn't allow \it or \sl in subscripts. Proceed,
and I'll try to forget that I needed that character.

! \textfont 0 is undefined (character i).
\Url@FormatString ...\Url@String \UrlRight \m@th $
                                                  
l.68 ...ps://github.com/YukiAtsusaka/cWise/issues}
                                                  
Somewhere in the math formula just ended, you used the
stated character from an undefined font family. For example,
plain TeX doesn't allow \it or \sl in subscripts. Proceed,
and I'll try to forget that I needed that character.

! \textfont 0 is undefined (character A).
\Url@FormatString ...\Url@String \UrlRight \m@th $
                                                  
l.68 ...ps://github.com/YukiAtsusaka/cWise/issues}
                                                  
Somewhere in the math formula just ended, you used the
stated character from an undefined font family. For example,
plain TeX doesn't allow \it or \sl in subscripts. Proceed,
and I'll try to forget that I needed that character.

! \textfont 0 is undefined (character t).
\Url@FormatString ...\Url@String \UrlRight \m@th $
                                                  
l.68 ...ps://github.com/YukiAtsusaka/cWise/issues}
                                                  
Somewhere in the math formula just ended, you used the
stated character from an undefined font family. For example,
plain TeX doesn't allow \it or \sl in subscripts. Proceed,
and I'll try to forget that I needed that character.

! \textfont 0 is undefined (character s).
\Url@FormatString ...\Url@String \UrlRight \m@th $
                                                  
l.68 ...ps://github.com/YukiAtsusaka/cWise/issues}
                                                  
Somewhere in the math formula just ended, you used the
stated character from an undefined font family. For example,
plain TeX doesn't allow \it or \sl in subscripts. Proceed,
and I'll try to forget that I needed that character.

! \textfont 0 is undefined (character u).
\Url@FormatString ...\Url@String \UrlRight \m@th $
                                                  
l.68 ...ps://github.com/YukiAtsusaka/cWise/issues}
                                                  
Somewhere in the math formula just ended, you used the
stated character from an undefined font family. For example,
plain TeX doesn't allow \it or \sl in subscripts. Proceed,
and I'll try to forget that I needed that character.

! \textfont 0 is undefined (character s).
\Url@FormatString ...\Url@String \UrlRight \m@th $
                                                  
l.68 ...ps://github.com/YukiAtsusaka/cWise/issues}
                                                  
Somewhere in the math formula just ended, you used the
stated character from an undefined font family. For example,
plain TeX doesn't allow \it or \sl in subscripts. Proceed,
and I'll try to forget that I needed that character.

! \textfont 0 is undefined (character a).
\Url@FormatString ...\Url@String \UrlRight \m@th $
                                                  
l.68 ...ps://github.com/YukiAtsusaka/cWise/issues}
                                                  
Somewhere in the math formula just ended, you used the
stated character from an undefined font family. For example,
plain TeX doesn't allow \it or \sl in subscripts. Proceed,
and I'll try to forget that I needed that character.

! \textfont 0 is undefined (character k).
\Url@FormatString ...\Url@String \UrlRight \m@th $
                                                  
l.68 ...ps://github.com/YukiAtsusaka/cWise/issues}
                                                  
Somewhere in the math formula just ended, you used the
stated character from an undefined font family. For example,
plain TeX doesn't allow \it or \sl in subscripts. Proceed,
and I'll try to forget that I needed that character.

! \textfont 0 is undefined (character a).
\Url@FormatString ...\Url@String \UrlRight \m@th $
                                                  
l.68 ...ps://github.com/YukiAtsusaka/cWise/issues}
                                                  
Somewhere in the math formula just ended, you used the
stated character from an undefined font family. For example,
plain TeX doesn't allow \it or \sl in subscripts. Proceed,
and I'll try to forget that I needed that character.

! \textfont 0 is undefined (character /).
\Url@FormatString ...\Url@String \UrlRight \m@th $
                                                  
l.68 ...ps://github.com/YukiAtsusaka/cWise/issues}
                                                  
Somewhere in the math formula just ended, you used the
stated character from an undefined font family. For example,
plain TeX doesn't allow \it or \sl in subscripts. Proceed,
and I'll try to forget that I needed that character.

! \textfont 0 is undefined (character c).
\Url@FormatString ...\Url@String \UrlRight \m@th $
                                                  
l.68 ...ps://github.com/YukiAtsusaka/cWise/issues}
                                                  
Somewhere in the math formula just ended, you used the
stated character from an undefined font family. For example,
plain TeX doesn't allow \it or \sl in subscripts. Proceed,
and I'll try to forget that I needed that character.

! \textfont 0 is undefined (character W).
\Url@FormatString ...\Url@String \UrlRight \m@th $
                                                  
l.68 ...ps://github.com/YukiAtsusaka/cWise/issues}
                                                  
Somewhere in the math formula just ended, you used the
stated character from an undefined font family. For example,
plain TeX doesn't allow \it or \sl in subscripts. Proceed,
and I'll try to forget that I needed that character.

! \textfont 0 is undefined (character i).
\Url@FormatString ...\Url@String \UrlRight \m@th $
                                                  
l.68 ...ps://github.com/YukiAtsusaka/cWise/issues}
                                                  
Somewhere in the math formula just ended, you used the
stated character from an undefined font family. For example,
plain TeX doesn't allow \it or \sl in subscripts. Proceed,
and I'll try to forget that I needed that character.

! \textfont 0 is undefined (character s).
\Url@FormatString ...\Url@String \UrlRight \m@th $
                                                  
l.68 ...ps://github.com/YukiAtsusaka/cWise/issues}
                                                  
Somewhere in the math formula just ended, you used the
stated character from an undefined font family. For example,
plain TeX doesn't allow \it or \sl in subscripts. Proceed,
and I'll try to forget that I needed that character.

! \textfont 0 is undefined (character e).
\Url@FormatString ...\Url@String \UrlRight \m@th $
                                                  
l.68 ...ps://github.com/YukiAtsusaka/cWise/issues}
                                                  
Somewhere in the math formula just ended, you used the
stated character from an undefined font family. For example,
plain TeX doesn't allow \it or \sl in subscripts. Proceed,
and I'll try to forget that I needed that character.

! \textfont 0 is undefined (character /).
\Url@FormatString ...\Url@String \UrlRight \m@th $
                                                  
l.68 ...ps://github.com/YukiAtsusaka/cWise/issues}
                                                  
Somewhere in the math formula just ended, you used the
stated character from an undefined font family. For example,
plain TeX doesn't allow \it or \sl in subscripts. Proceed,
and I'll try to forget that I needed that character.

! \textfont 0 is undefined (character i).
\Url@FormatString ...\Url@String \UrlRight \m@th $
                                                  
l.68 ...ps://github.com/YukiAtsusaka/cWise/issues}
                                                  
Somewhere in the math formula just ended, you used the
stated character from an undefined font family. For example,
plain TeX doesn't allow \it or \sl in subscripts. Proceed,
and I'll try to forget that I needed that character.

! \textfont 0 is undefined (character s).
\Url@FormatString ...\Url@String \UrlRight \m@th $
                                                  
l.68 ...ps://github.com/YukiAtsusaka/cWise/issues}
                                                  
Somewhere in the math formula just ended, you used the
stated character from an undefined font family. For example,
plain TeX doesn't allow \it or \sl in subscripts. Proceed,
and I'll try to forget that I needed that character.

! \textfont 0 is undefined (character s).
\Url@FormatString ...\Url@String \UrlRight \m@th $
                                                  
l.68 ...ps://github.com/YukiAtsusaka/cWise/issues}
                                                  
Somewhere in the math formula just ended, you used the
stated character from an undefined font family. For example,
plain TeX doesn't allow \it or \sl in subscripts. Proceed,
and I'll try to forget that I needed that character.

! \textfont 0 is undefined (character u).
\Url@FormatString ...\Url@String \UrlRight \m@th $
                                                  
l.68 ...ps://github.com/YukiAtsusaka/cWise/issues}
                                                  
Somewhere in the math formula just ended, you used the
stated character from an undefined font family. For example,
plain TeX doesn't allow \it or \sl in subscripts. Proceed,
and I'll try to forget that I needed that character.

! \textfont 0 is undefined (character e).
\Url@FormatString ...\Url@String \UrlRight \m@th $
                                                  
l.68 ...ps://github.com/YukiAtsusaka/cWise/issues}
                                                  
Somewhere in the math formula just ended, you used the
stated character from an undefined font family. For example,
plain TeX doesn't allow \it or \sl in subscripts. Proceed,
and I'll try to forget that I needed that character.

! \textfont 0 is undefined (character s).
\Url@FormatString ...\Url@String \UrlRight \m@th $
                                                  
l.68 ...ps://github.com/YukiAtsusaka/cWise/issues}
                                                  
Somewhere in the math formula just ended, you used the
stated character from an undefined font family. For example,
plain TeX doesn't allow \it or \sl in subscripts. Proceed,
and I'll try to forget that I needed that character.

Missing character: There is no b in font nullfont!
Missing character: There is no c in font nullfont!
Missing character: There is no _ in font nullfont!
Missing character: There is no e in font nullfont!
Missing character: There is no s in font nullfont!
Missing character: There is no t in font nullfont!
Missing character: There is no b in font nullfont!
Missing character: There is no c in font nullfont!
Missing character: There is no _ in font nullfont!
Missing character: There is no e in font nullfont!
Missing character: There is no s in font nullfont!
Missing character: There is no t in font nullfont!
Missing character: There is no b in font nullfont!
Missing character: There is no c in font nullfont!
Missing character: There is no _ in font nullfont!
Missing character: There is no e in font nullfont!
Missing character: There is no s in font nullfont!
Missing character: There is no t in font nullfont!
Missing character: There is no b in font nullfont!
Missing character: There is no c in font nullfont!
Missing character: There is no _ in font nullfont!
Missing character: There is no e in font nullfont!
Missing character: There is no s in font nullfont!
Missing character: There is no t in font nullfont!
Missing character: There is no ( in font nullfont!
Missing character: There is no Y in font nullfont!
Missing character: There is no , in font nullfont!
Missing character: There is no A in font nullfont!
Missing character: There is no , in font nullfont!
Missing character: There is no p in font nullfont!
Missing character: There is no , in font nullfont!
Missing character: There is no p in font nullfont!
Missing character: There is no . in font nullfont!
Missing character: There is no p in font nullfont!
Missing character: There is no r in font nullfont!
Missing character: There is no i in font nullfont!
Missing character: There is no m in font nullfont!
Missing character: There is no e in font nullfont!
Missing character: There is no , in font nullfont!
Missing character: There is no w in font nullfont!
Missing character: There is no e in font nullfont!
Missing character: There is no i in font nullfont!
Missing character: There is no g in font nullfont!
Missing character: There is no h in font nullfont!
Missing character: There is no t in font nullfont!
Missing character: There is no , in font nullfont!
Missing character: There is no d in font nullfont!
Missing character: There is no a in font nullfont!
Missing character: There is no t in font nullfont!
Missing character: There is no a in font nullfont!
Missing character: There is no , in font nullfont!
Missing character: There is no s in font nullfont!
Missing character: There is no e in font nullfont!
Missing character: There is no e in font nullfont!
Missing character: There is no d in font nullfont!
Missing character: There is no = in font nullfont!
Missing character: There is no N in font nullfont!
Missing character: There is no U in font nullfont!
Missing character: There is no L in font nullfont!
Missing character: There is no L in font nullfont!
Missing character: There is no ) in font nullfont!
Missing character: There is no b in font nullfont!
Missing character: There is no c in font nullfont!
Missing character: There is no . in font nullfont!
Missing character: There is no e in font nullfont!
Missing character: There is no s in font nullfont!
Missing character: There is no t in font nullfont!
Missing character: There is no ( in font nullfont!
Missing character: There is no . in font nullfont!
Missing character: There is no . in font nullfont!
Missing character: There is no . in font nullfont!
Missing character: There is no ) in font nullfont!
Missing character: There is no Y in font nullfont!
Missing character: There is no Y in font nullfont!
Missing character: There is no A in font nullfont!
Missing character: There is no A in font nullfont!
Missing character: There is no p in font nullfont!
Missing character: There is no p in font nullfont!
Missing character: There is no p in font nullfont!
Missing character: There is no . in font nullfont!
Missing character: There is no p in font nullfont!
Missing character: There is no r in font nullfont!
Missing character: There is no i in font nullfont!
Missing character: There is no m in font nullfont!
Missing character: There is no e in font nullfont!
Missing character: There is no p in font nullfont!
Missing character: There is no . in font nullfont!
Missing character: There is no p in font nullfont!
Missing character: There is no r in font nullfont!
Missing character: There is no i in font nullfont!
Missing character: There is no m in font nullfont!
Missing character: There is no e in font nullfont!
Missing character: There is no w in font nullfont!
Missing character: There is no e in font nullfont!
Missing character: There is no i in font nullfont!
Missing character: There is no g in font nullfont!
Missing character: There is no h in font nullfont!
Missing character: There is no t in font nullfont!
Missing character: There is no w in font nullfont!
Missing character: There is no e in font nullfont!
Missing character: There is no i in font nullfont!
Missing character: There is no g in font nullfont!
Missing character: There is no h in font nullfont!
Missing character: There is no t in font nullfont!
Missing character: There is no d in font nullfont!
Missing character: There is no a in font nullfont!
Missing character: There is no t in font nullfont!
Missing character: There is no a in font nullfont!
Missing character: There is no d in font nullfont!
Missing character: There is no a in font nullfont!
Missing character: There is no t in font nullfont!
Missing character: There is no a in font nullfont!
Missing character: There is no s in font nullfont!
Missing character: There is no e in font nullfont!
Missing character: There is no e in font nullfont!
Missing character: There is no d in font nullfont!
Missing character: There is no s in font nullfont!
Missing character: There is no e in font nullfont!
Missing character: There is no e in font nullfont!
Missing character: There is no d in font nullfont!
[2]
Missing character: There is no . in font nullfont!
Missing character: There is no . in font nullfont!
Missing character: There is no . in font nullfont!
Missing character: There is no . in font nullfont!
Missing character: There is no . in font nullfont!
Missing character: There is no . in font nullfont!
Missing character: There is no b in font nullfont!
Missing character: There is no c in font nullfont!
Missing character: There is no _ in font nullfont!
Missing character: There is no e in font nullfont!
Missing character: There is no s in font nullfont!
Missing character: There is no t in font nullfont!
Missing character: There is no ( in font nullfont!
Missing character: There is no ) in font nullfont!
! Font T1/pcr/m/n/9=pcrr8t at 9.0pt not loadable: Metric (TFM) file not found.
<to be read again> 
                   relax 
l.134 \begin{ExampleCode}
                         
I wasn't able to read the size data for this font,
so I will ignore the font specification.
[Wizards can fix TFM files using TFtoPL/PLtoTF.]
You might try inserting a different font spec;
e.g., type `I\font<same font id>=<substitute font name>'.

Missing character: There is no b in font nullfont!
Missing character: There is no c in font nullfont!
Missing character: There is no _ in font nullfont!
Missing character: There is no e in font nullfont!
Missing character: There is no s in font nullfont!
Missing character: There is no t in font nullfont!
Missing character: There is no ( in font nullfont!
Missing character: There is no Y in font nullfont!
Missing character: There is no = in font nullfont!
Missing character: There is no Y in font nullfont!
Missing character: There is no , in font nullfont!
Missing character: There is no A in font nullfont!
Missing character: There is no = in font nullfont!
Missing character: There is no A in font nullfont!
Missing character: There is no , in font nullfont!
Missing character: There is no p in font nullfont!
Missing character: There is no = in font nullfont!
Missing character: There is no 0 in font nullfont!
Missing character: There is no . in font nullfont!
Missing character: There is no 1 in font nullfont!
Missing character: There is no 5 in font nullfont!
Missing character: There is no , in font nullfont!
Missing character: There is no p in font nullfont!
Missing character: There is no . in font nullfont!
Missing character: There is no p in font nullfont!
Missing character: There is no r in font nullfont!
Missing character: There is no i in font nullfont!
Missing character: There is no m in font nullfont!
Missing character: There is no e in font nullfont!
Missing character: There is no = in font nullfont!
Missing character: There is no 0 in font nullfont!
Missing character: There is no . in font nullfont!
Missing character: There is no 1 in font nullfont!
Missing character: There is no 5 in font nullfont!
Missing character: There is no , in font nullfont!
Missing character: There is no d in font nullfont!
Missing character: There is no a in font nullfont!
Missing character: There is no t in font nullfont!
Missing character: There is no a in font nullfont!
Missing character: There is no = in font nullfont!
Missing character: There is no c in font nullfont!
Missing character: There is no m in font nullfont!
Missing character: There is no d in font nullfont!
Missing character: There is no a in font nullfont!
Missing character: There is no t in font nullfont!
Missing character: There is no a in font nullfont!
Missing character: There is no ) in font nullfont!
Missing character: There is no b in font nullfont!
Missing character: There is no c in font nullfont!
Missing character: There is no _ in font nullfont!
Missing character: There is no e in font nullfont!
Missing character: There is no s in font nullfont!
Missing character: There is no t in font nullfont!
Missing character: There is no ( in font nullfont!
Missing character: There is no Y in font nullfont!
Missing character: There is no = in font nullfont!
Missing character: There is no Y in font nullfont!
Missing character: There is no , in font nullfont!
Missing character: There is no A in font nullfont!
Missing character: There is no = in font nullfont!
Missing character: There is no A in font nullfont!
Missing character: There is no , in font nullfont!
Missing character: There is no w in font nullfont!
Missing character: There is no e in font nullfont!
Missing character: There is no i in font nullfont!
Missing character: There is no g in font nullfont!
Missing character: There is no h in font nullfont!
Missing character: There is no t in font nullfont!
Missing character: There is no = in font nullfont!
Missing character: There is no w in font nullfont!
Missing character: There is no e in font nullfont!
Missing character: There is no i in font nullfont!
Missing character: There is no g in font nullfont!
Missing character: There is no h in font nullfont!
Missing character: There is no t in font nullfont!
Missing character: There is no , in font nullfont!
Missing character: There is no p in font nullfont!
Missing character: There is no = in font nullfont!
Missing character: There is no 0 in font nullfont!
Missing character: There is no . in font nullfont!
Missing character: There is no 1 in font nullfont!
Missing character: There is no 5 in font nullfont!
Missing character: There is no , in font nullfont!
Missing character: There is no p in font nullfont!
Missing character: There is no . in font nullfont!
Missing character: There is no p in font nullfont!
Missing character: There is no r in font nullfont!
Missing character: There is no i in font nullfont!
Missing character: There is no m in font nullfont!
Missing character: There is no e in font nullfont!
Missing character: There is no = in font nullfont!
Missing character: There is no 0 in font nullfont!
Missing character: There is no . in font nullfont!
Missing character: There is no 1 in font nullfont!
Missing character: There is no 5 in font nullfont!
Missing character: There is no , in font nullfont!
Missing character: There is no d in font nullfont!
Missing character: There is no a in font nullfont!
Missing character: There is no t in font nullfont!
Missing character: There is no a in font nullfont!
Missing character: There is no = in font nullfont!
Missing character: There is no c in font nullfont!
Missing character: There is no m in font nullfont!
Missing character: There is no d in font nullfont!
Missing character: There is no a in font nullfont!
Missing character: There is no t in font nullfont!
Missing character: There is no a in font nullfont!
Missing character: There is no ) in font nullfont!
Missing character: There is no c in font nullfont!
Missing character: There is no m in font nullfont!
Missing character: There is no B in font nullfont!
Missing character: There is no o in font nullfont!
Missing character: There is no u in font nullfont!
Missing character: There is no n in font nullfont!
Missing character: There is no d in font nullfont!
Missing character: There is no c in font nullfont!
Missing character: There is no m in font nullfont!
Missing character: There is no B in font nullfont!
Missing character: There is no o in font nullfont!
Missing character: There is no u in font nullfont!
Missing character: There is no n in font nullfont!
Missing character: There is no d in font nullfont!
Missing character: There is no c in font nullfont!
Missing character: There is no m in font nullfont!
Missing character: There is no B in font nullfont!
Missing character: There is no o in font nullfont!
Missing character: There is no u in font nullfont!
Missing character: There is no n in font nullfont!
Missing character: There is no d in font nullfont!
Missing character: There is no c in font nullfont!
Missing character: There is no m in font nullfont!
Missing character: There is no B in font nullfont!
Missing character: There is no o in font nullfont!
Missing character: There is no u in font nullfont!
Missing character: There is no n in font nullfont!
Missing character: There is no d in font nullfont!
Missing character: There is no ( in font nullfont!
Missing character: There is no l in font nullfont!
Missing character: There is no a in font nullfont!
Missing character: There is no m in font nullfont!
Missing character: There is no b in font nullfont!
Missing character: There is no d in font nullfont!
Missing character: There is no a in font nullfont!
Missing character: There is no . in font nullfont!
Missing character: There is no h in font nullfont!
Missing character: There is no a in font nullfont!
Missing character: There is no t in font nullfont!
Missing character: There is no , in font nullfont!
Missing character: There is no p in font nullfont!
Missing character: There is no , in font nullfont!
Missing character: There is no N in font nullfont!
Missing character: There is no , in font nullfont!
Missing character: There is no d in font nullfont!
Missing character: There is no q in font nullfont!
Missing character: There is no = in font nullfont!
Missing character: There is no N in font nullfont!
Missing character: There is no U in font nullfont!
Missing character: There is no L in font nullfont!
Missing character: There is no L in font nullfont!
Missing character: There is no , in font nullfont!
Missing character: There is no N in font nullfont!
Missing character: There is no . in font nullfont!
Missing character: There is no d in font nullfont!
Missing character: There is no q in font nullfont!
Missing character: There is no = in font nullfont!
Missing character: There is no N in font nullfont!
Missing character: There is no U in font nullfont!
Missing character: There is no L in font nullfont!
Missing character: There is no L in font nullfont!
Missing character: There is no ) in font nullfont!
Missing character: There is no l in font nullfont!
Missing character: There is no a in font nullfont!
Missing character: There is no m in font nullfont!
Missing character: There is no b in font nullfont!
Missing character: There is no d in font nullfont!
Missing character: There is no a in font nullfont!
Missing character: There is no . in font nullfont!
Missing character: There is no h in font nullfont!
Missing character: There is no a in font nullfont!
Missing character: There is no t in font nullfont!
Missing character: There is no l in font nullfont!
Missing character: There is no a in font nullfont!
Missing character: There is no m in font nullfont!
Missing character: There is no b in font nullfont!
Missing character: There is no d in font nullfont!
Missing character: There is no a in font nullfont!
Missing character: There is no . in font nullfont!
Missing character: There is no h in font nullfont!
Missing character: There is no a in font nullfont!
Missing character: There is no t in font nullfont!
Missing character: There is no p in font nullfont!
Missing character: There is no p in font nullfont!
[3]
Missing character: There is no N in font nullfont!
Missing character: There is no N in font nullfont!
Missing character: There is no d in font nullfont!
Missing character: There is no q in font nullfont!
Missing character: There is no d in font nullfont!
Missing character: There is no q in font nullfont!
Missing character: There is no N in font nullfont!
Missing character: There is no . in font nullfont!
Missing character: There is no d in font nullfont!
Missing character: There is no q in font nullfont!
Missing character: There is no N in font nullfont!
Missing character: There is no . in font nullfont!
Missing character: There is no d in font nullfont!
Missing character: There is no q in font nullfont!
Missing character: There is no p in font nullfont!
Missing character: There is no < in font nullfont!
Missing character: There is no - in font nullfont!
Missing character: There is no c in font nullfont!
Missing character: There is no m in font nullfont!
Missing character: There is no B in font nullfont!
Missing character: There is no o in font nullfont!
Missing character: There is no u in font nullfont!
Missing character: There is no n in font nullfont!
Missing character: There is no d in font nullfont!
Missing character: There is no ( in font nullfont!
Missing character: There is no l in font nullfont!
Missing character: There is no a in font nullfont!
Missing character: There is no m in font nullfont!
Missing character: There is no b in font nullfont!
Missing character: There is no d in font nullfont!
Missing character: There is no a in font nullfont!
Missing character: There is no . in font nullfont!
Missing character: There is no h in font nullfont!
Missing character: There is no a in font nullfont!
Missing character: There is no t in font nullfont!
Missing character: There is no = in font nullfont!
Missing character: There is no 0 in font nullfont!
Missing character: There is no . in font nullfont!
Missing character: There is no 6 in font nullfont!
Missing character: There is no 3 in font nullfont!
Missing character: There is no 8 in font nullfont!
Missing character: There is no 5 in font nullfont!
Missing character: There is no , in font nullfont!
Missing character: There is no p in font nullfont!
Missing character: There is no = in font nullfont!
Missing character: There is no 0 in font nullfont!
Missing character: There is no . in font nullfont!
Missing character: There is no 2 in font nullfont!
Missing character: There is no 5 in font nullfont!
Missing character: There is no , in font nullfont!
Missing character: There is no N in font nullfont!
Missing character: There is no = in font nullfont!
Missing character: There is no 3 in font nullfont!
Missing character: There is no 1 in font nullfont!
Missing character: There is no 0 in font nullfont!
Missing character: There is no , in font nullfont!
Missing character: There is no d in font nullfont!
Missing character: There is no q in font nullfont!
Missing character: There is no = in font nullfont!
Missing character: There is no 0 in font nullfont!
Missing character: There is no . in font nullfont!
Missing character: There is no 0 in font nullfont!
Missing character: There is no 7 in font nullfont!
Missing character: There is no 3 in font nullfont!
Missing character: There is no , in font nullfont!
Missing character: There is no N in font nullfont!
Missing character: There is no . in font nullfont!
Missing character: There is no d in font nullfont!
Missing character: There is no q in font nullfont!
Missing character: There is no = in font nullfont!
Missing character: There is no 3 in font nullfont!
Missing character: There is no 1 in font nullfont!
Missing character: There is no 0 in font nullfont!
Missing character: There is no ) in font nullfont!
Missing character: There is no p in font nullfont!
Missing character: There is no p in font nullfont!
Missing character: There is no < in font nullfont!
Missing character: There is no - in font nullfont!
Missing character: There is no p in font nullfont!
Missing character: There is no + in font nullfont!
Missing character: There is no g in font nullfont!
Missing character: There is no g in font nullfont!
Missing character: There is no p in font nullfont!
Missing character: There is no l in font nullfont!
Missing character: There is no o in font nullfont!
Missing character: There is no t in font nullfont!
Missing character: There is no 2 in font nullfont!
Missing character: There is no : in font nullfont!
Missing character: There is no : in font nullfont!
Missing character: There is no g in font nullfont!
Missing character: There is no g in font nullfont!
Missing character: There is no t in font nullfont!
Missing character: There is no i in font nullfont!
Missing character: There is no t in font nullfont!
Missing character: There is no l in font nullfont!
Missing character: There is no e in font nullfont!
Missing character: There is no ( in font nullfont!
Missing character: There is no " in font nullfont!
Missing character: There is no S in font nullfont!
Missing character: There is no e in font nullfont!
Missing character: There is no n in font nullfont!
Missing character: There is no s in font nullfont!
Missing character: There is no i in font nullfont!
Missing character: There is no t in font nullfont!
Missing character: There is no i in font nullfont!
Missing character: There is no v in font nullfont!
Missing character: There is no i in font nullfont!
Missing character: There is no t in font nullfont!
Missing character: There is no y in font nullfont!
Missing character: There is no A in font nullfont!
Missing character: There is no n in font nullfont!
Missing character: There is no a in font nullfont!
Missing character: There is no l in font nullfont!
Missing character: There is no y in font nullfont!
Missing character: There is no s in font nullfont!
Missing character: There is no i in font nullfont!
Missing character: There is no s in font nullfont!
Missing character: There is no " in font nullfont!
Missing character: There is no ) in font nullfont!
Missing character: There is no + in font nullfont!
Missing character: There is no g in font nullfont!
Missing character: There is no g in font nullfont!
Missing character: There is no p in font nullfont!
Missing character: There is no l in font nullfont!
Missing character: There is no o in font nullfont!
Missing character: There is no t in font nullfont!
Missing character: There is no 2 in font nullfont!
Missing character: There is no : in font nullfont!
Missing character: There is no : in font nullfont!
Missing character: There is no t in font nullfont!
Missing character: There is no h in font nullfont!
Missing character: There is no e in font nullfont!
Missing character: There is no m in font nullfont!
Missing character: There is no e in font nullfont!
Missing character: There is no ( in font nullfont!
Missing character: There is no p in font nullfont!
Missing character: There is no l in font nullfont!
Missing character: There is no o in font nullfont!
Missing character: There is no t in font nullfont!
Missing character: There is no . in font nullfont!
Missing character: There is no t in font nullfont!
Missing character: There is no i in font nullfont!
Missing character: There is no t in font nullfont!
Missing character: There is no l in font nullfont!
Missing character: There is no e in font nullfont!
Missing character: There is no = in font nullfont!
Missing character: There is no g in font nullfont!
Missing character: There is no g in font nullfont!
Missing character: There is no p in font nullfont!
Missing character: There is no l in font nullfont!
Missing character: There is no o in font nullfont!
Missing character: There is no t in font nullfont!
Missing character: There is no 2 in font nullfont!
Missing character: There is no : in font nullfont!
Missing character: There is no : in font nullfont!
Missing character: There is no e in font nullfont!
Missing character: There is no l in font nullfont!
Missing character: There is no e in font nullfont!
Missing character: There is no m in font nullfont!
Missing character: There is no e in font nullfont!
Missing character: There is no n in font nullfont!
Missing character: There is no t in font nullfont!
Missing character: There is no _ in font nullfont!
Missing character: There is no t in font nullfont!
Missing character: There is no e in font nullfont!
Missing character: There is no x in font nullfont!
Missing character: There is no t in font nullfont!
Missing character: There is no ( in font nullfont!
Missing character: There is no s in font nullfont!
Missing character: There is no i in font nullfont!
Missing character: There is no z in font nullfont!
Missing character: There is no e in font nullfont!
Missing character: There is no = in font nullfont!
Missing character: There is no 2 in font nullfont!
Missing character: There is no 0 in font nullfont!
Missing character: There is no , in font nullfont!
Missing character: There is no f in font nullfont!
Missing character: There is no a in font nullfont!
Missing character: There is no c in font nullfont!
Missing character: There is no e in font nullfont!
Missing character: There is no = in font nullfont!
Missing character: There is no " in font nullfont!
Missing character: There is no b in font nullfont!
Missing character: There is no o in font nullfont!
Missing character: There is no l in font nullfont!
Missing character: There is no d in font nullfont!
Missing character: There is no " in font nullfont!
Missing character: There is no ) in font nullfont!
Missing character: There is no ) in font nullfont!
Missing character: There is no c in font nullfont!
Missing character: There is no m in font nullfont!
Missing character: There is no d in font nullfont!
Missing character: There is no a in font nullfont!
Missing character: There is no t in font nullfont!
Missing character: There is no a in font nullfont!
Missing character: There is no c in font nullfont!
Missing character: There is no m in font nullfont!
Missing character: There is no d in font nullfont!
Missing character: There is no a in font nullfont!
Missing character: There is no t in font nullfont!
Missing character: There is no a in font nullfont!
Missing character: There is no d in font nullfont!
Missing character: There is no a in font nullfont!
Missing character: There is no t in font nullfont!
Missing character: There is no a in font nullfont!
Missing character: There is no ( in font nullfont!
Missing character: There is no c in font nullfont!
Missing character: There is no m in font nullfont!
Missing character: There is no d in font nullfont!
Missing character: There is no a in font nullfont!
Missing character: There is no t in font nullfont!
Missing character: There is no a in font nullfont!
Missing character: There is no ) in font nullfont!
Missing character: There is no " in font nullfont!
Missing character: There is no d in font nullfont!
Missing character: There is no a in font nullfont!
Missing character: There is no t in font nullfont!
Missing character: There is no a in font nullfont!
Missing character: There is no . in font nullfont!
Missing character: There is no f in font nullfont!
Missing character: There is no r in font nullfont!
Missing character: There is no a in font nullfont!
Missing character: There is no m in font nullfont!
Missing character: There is no e in font nullfont!
Missing character: There is no " in font nullfont!
[4]
Missing character: There is no d in font nullfont!
Missing character: There is no a in font nullfont!
Missing character: There is no t in font nullfont!
Missing character: There is no a in font nullfont!
Missing character: There is no ( in font nullfont!
Missing character: There is no c in font nullfont!
Missing character: There is no m in font nullfont!
Missing character: There is no d in font nullfont!
Missing character: There is no a in font nullfont!
Missing character: There is no t in font nullfont!
Missing character: There is no a in font nullfont!
Missing character: There is no ) in font nullfont!
Missing character: There is no h in font nullfont!
Missing character: There is no e in font nullfont!
Missing character: There is no a in font nullfont!
Missing character: There is no d in font nullfont!
Missing character: There is no ( in font nullfont!
Missing character: There is no c in font nullfont!
Missing character: There is no m in font nullfont!
Missing character: There is no d in font nullfont!
Missing character: There is no a in font nullfont!
Missing character: There is no t in font nullfont!
Missing character: There is no a in font nullfont!
Missing character: There is no ) in font nullfont!
Missing character: There is no c in font nullfont!
Missing character: There is no m in font nullfont!
Missing character: There is no d in font nullfont!
Missing character: There is no a in font nullfont!
Missing character: There is no t in font nullfont!
Missing character: There is no a in font nullfont!
Missing character: There is no 2 in font nullfont!
Missing character: There is no c in font nullfont!
Missing character: There is no m in font nullfont!
Missing character: There is no d in font nullfont!
Missing character: There is no a in font nullfont!
Missing character: There is no t in font nullfont!
Missing character: There is no a in font nullfont!
Missing character: There is no 2 in font nullfont!
Missing character: There is no d in font nullfont!
Missing character: There is no a in font nullfont!
Missing character: There is no t in font nullfont!
Missing character: There is no a in font nullfont!
Missing character: There is no ( in font nullfont!
Missing character: There is no c in font nullfont!
Missing character: There is no m in font nullfont!
Missing character: There is no d in font nullfont!
Missing character: There is no a in font nullfont!
Missing character: There is no t in font nullfont!
Missing character: There is no a in font nullfont!
Missing character: There is no 2 in font nullfont!
Missing character: There is no ) in font nullfont!
Missing character: There is no " in font nullfont!
Missing character: There is no d in font nullfont!
Missing character: There is no a in font nullfont!
Missing character: There is no t in font nullfont!
Missing character: There is no a in font nullfont!
Missing character: There is no . in font nullfont!
Missing character: There is no f in font nullfont!
Missing character: There is no r in font nullfont!
Missing character: There is no a in font nullfont!
Missing character: There is no m in font nullfont!
Missing character: There is no e in font nullfont!
Missing character: There is no " in font nullfont!
Missing character: There is no d in font nullfont!
Missing character: There is no a in font nullfont!
Missing character: There is no t in font nullfont!
Missing character: There is no a in font nullfont!
Missing character: There is no ( in font nullfont!
Missing character: There is no c in font nullfont!
Missing character: There is no m in font nullfont!
Missing character: There is no d in font nullfont!
Missing character: There is no a in font nullfont!
Missing character: There is no t in font nullfont!
Missing character: There is no a in font nullfont!
Missing character: There is no 2 in font nullfont!
Missing character: There is no ) in font nullfont!
[5]
Missing character: There is no h in font nullfont!
Missing character: There is no e in font nullfont!
Missing character: There is no a in font nullfont!
Missing character: There is no d in font nullfont!
Missing character: There is no ( in font nullfont!
Missing character: There is no c in font nullfont!
Missing character: There is no m in font nullfont!
Missing character: There is no d in font nullfont!
Missing character: There is no a in font nullfont!
Missing character: There is no t in font nullfont!
Missing character: There is no a in font nullfont!
Missing character: There is no 2 in font nullfont!
Missing character: There is no ) in font nullfont!
Missing character: There is no c in font nullfont!
Missing character: There is no m in font nullfont!
Missing character: There is no d in font nullfont!
Missing character: There is no a in font nullfont!
Missing character: There is no t in font nullfont!
Missing character: There is no a in font nullfont!
Missing character: There is no 3 in font nullfont!
Missing character: There is no c in font nullfont!
Missing character: There is no m in font nullfont!
Missing character: There is no d in font nullfont!
Missing character: There is no a in font nullfont!
Missing character: There is no t in font nullfont!
Missing character: There is no a in font nullfont!
Missing character: There is no 3 in font nullfont!
Missing character: There is no d in font nullfont!
Missing character: There is no a in font nullfont!
Missing character: There is no t in font nullfont!
Missing character: There is no a in font nullfont!
Missing character: There is no ( in font nullfont!
Missing character: There is no c in font nullfont!
Missing character: There is no m in font nullfont!
Missing character: There is no d in font nullfont!
Missing character: There is no a in font nullfont!
Missing character: There is no t in font nullfont!
Missing character: There is no a in font nullfont!
Missing character: There is no 3 in font nullfont!
Missing character: There is no ) in font nullfont!
Missing character: There is no " in font nullfont!
Missing character: There is no d in font nullfont!
Missing character: There is no a in font nullfont!
Missing character: There is no t in font nullfont!
Missing character: There is no a in font nullfont!
Missing character: There is no . in font nullfont!
Missing character: There is no f in font nullfont!
Missing character: There is no r in font nullfont!
Missing character: There is no a in font nullfont!
Missing character: There is no m in font nullfont!
Missing character: There is no e in font nullfont!
Missing character: There is no " in font nullfont!
Missing character: There is no d in font nullfont!
Missing character: There is no a in font nullfont!
Missing character: There is no t in font nullfont!
Missing character: There is no a in font nullfont!
Missing character: There is no ( in font nullfont!
Missing character: There is no c in font nullfont!
Missing character: There is no m in font nullfont!
Missing character: There is no d in font nullfont!
Missing character: There is no a in font nullfont!
Missing character: There is no t in font nullfont!
Missing character: There is no a in font nullfont!
Missing character: There is no 3 in font nullfont!
Missing character: There is no ) in font nullfont!
Missing character: There is no h in font nullfont!
Missing character: There is no e in font nullfont!
Missing character: There is no a in font nullfont!
Missing character: There is no d in font nullfont!
Missing character: There is no ( in font nullfont!
Missing character: There is no c in font nullfont!
Missing character: There is no m in font nullfont!
Missing character: There is no d in font nullfont!
Missing character: There is no a in font nullfont!
Missing character: There is no t in font nullfont!
Missing character: There is no a in font nullfont!
Missing character: There is no 3 in font nullfont!
Missing character: There is no ) in font nullfont!
Missing character: There is no c in font nullfont!
Missing character: There is no m in font nullfont!
Missing character: There is no p in font nullfont!
Missing character: There is no r in font nullfont!
Missing character: There is no e in font nullfont!
Missing character: There is no d in font nullfont!
Missing character: There is no i in font nullfont!
Missing character: There is no c in font nullfont!
Missing character: There is no t in font nullfont!
Missing character: There is no c in font nullfont!
Missing character: There is no m in font nullfont!
Missing character: There is no p in font nullfont!
Missing character: There is no r in font nullfont!
Missing character: There is no e in font nullfont!
Missing character: There is no d in font nullfont!
Missing character: There is no i in font nullfont!
Missing character: There is no c in font nullfont!
Missing character: There is no t in font nullfont!
Missing character: There is no c in font nullfont!
Missing character: There is no m in font nullfont!
Missing character: There is no p in font nullfont!
Missing character: There is no r in font nullfont!
Missing character: There is no e in font nullfont!
Missing character: There is no d in font nullfont!
Missing character: There is no i in font nullfont!
Missing character: There is no c in font nullfont!
Missing character: There is no t in font nullfont!
Missing character: There is no ( in font nullfont!
[6]
Missing character: There is no o in font nullfont!
Missing character: There is no u in font nullfont!
Missing character: There is no t in font nullfont!
Missing character: There is no , in font nullfont!
Missing character: There is no n in font nullfont!
Missing character: There is no e in font nullfont!
Missing character: There is no w in font nullfont!
Missing character: There is no d in font nullfont!
Missing character: There is no a in font nullfont!
Missing character: There is no t in font nullfont!
Missing character: There is no a in font nullfont!
Missing character: There is no = in font nullfont!
Missing character: There is no N in font nullfont!
Missing character: There is no U in font nullfont!
Missing character: There is no L in font nullfont!
Missing character: There is no L in font nullfont!
Missing character: There is no , in font nullfont!
Missing character: There is no z in font nullfont!
Missing character: There is no v in font nullfont!
Missing character: There is no a in font nullfont!
Missing character: There is no l in font nullfont!
Missing character: There is no = in font nullfont!
Missing character: There is no N in font nullfont!
Missing character: There is no U in font nullfont!
Missing character: There is no L in font nullfont!
Missing character: There is no L in font nullfont!
Missing character: There is no , in font nullfont!
Missing character: There is no t in font nullfont!
Missing character: There is no y in font nullfont!
Missing character: There is no p in font nullfont!
Missing character: There is no i in font nullfont!
Missing character: There is no c in font nullfont!
Missing character: There is no a in font nullfont!
Missing character: There is no l in font nullfont!
Missing character: There is no = in font nullfont!
Missing character: There is no N in font nullfont!
Missing character: There is no U in font nullfont!
Missing character: There is no L in font nullfont!
Missing character: There is no L in font nullfont!
Missing character: There is no , in font nullfont!
Missing character: There is no n in font nullfont!
Missing character: There is no s in font nullfont!
Missing character: There is no i in font nullfont!
Missing character: There is no m in font nullfont!
Missing character: There is no = in font nullfont!
Missing character: There is no 1 in font nullfont!
Missing character: There is no 0 in font nullfont!
Missing character: There is no 0 in font nullfont!
Missing character: There is no 0 in font nullfont!
Missing character: There is no L in font nullfont!
Missing character: There is no , in font nullfont!
Missing character: There is no s in font nullfont!
Missing character: There is no e in font nullfont!
Missing character: There is no e in font nullfont!
Missing character: There is no d in font nullfont!
Missing character: There is no = in font nullfont!
Missing character: There is no N in font nullfont!
Missing character: There is no U in font nullfont!
Missing character: There is no L in font nullfont!
Missing character: There is no L in font nullfont!
Missing character: There is no , in font nullfont!
Missing character: There is no d in font nullfont!
Missing character: There is no r in font nullfont!
Missing character: There is no a in font nullfont!
Missing character: There is no w in font nullfont!
Missing character: There is no s in font nullfont!
Missing character: There is no = in font nullfont!
Missing character: There is no F in font nullfont!
Missing character: There is no A in font nullfont!
Missing character: There is no L in font nullfont!
Missing character: There is no S in font nullfont!
Missing character: There is no E in font nullfont!
Missing character: There is no ) in font nullfont!
Missing character: There is no o in font nullfont!
Missing character: There is no u in font nullfont!
Missing character: There is no t in font nullfont!
Missing character: There is no o in font nullfont!
Missing character: There is no u in font nullfont!
Missing character: There is no t in font nullfont!
Missing character: There is no c in font nullfont!
Missing character: There is no m in font nullfont!
Missing character: There is no r in font nullfont!
Missing character: There is no e in font nullfont!
Missing character: There is no g in font nullfont!
Missing character: There is no n in font nullfont!
Missing character: There is no e in font nullfont!
Missing character: There is no w in font nullfont!
Missing character: There is no d in font nullfont!
Missing character: There is no a in font nullfont!
Missing character: There is no t in font nullfont!
Missing character: There is no a in font nullfont!
Missing character: There is no n in font nullfont!
Missing character: There is no e in font nullfont!
Missing character: There is no w in font nullfont!
Missing character: There is no d in font nullfont!
Missing character: There is no a in font nullfont!
Missing character: There is no t in font nullfont!
Missing character: There is no a in font nullfont!
Missing character: There is no z in font nullfont!
Missing character: There is no v in font nullfont!
Missing character: There is no a in font nullfont!
Missing character: There is no l in font nullfont!
Missing character: There is no z in font nullfont!
Missing character: There is no v in font nullfont!
Missing character: There is no a in font nullfont!
Missing character: There is no l in font nullfont!
Missing character: There is no t in font nullfont!
Missing character: There is no y in font nullfont!
Missing character: There is no p in font nullfont!
Missing character: There is no i in font nullfont!
Missing character: There is no c in font nullfont!
Missing character: There is no a in font nullfont!
Missing character: There is no l in font nullfont!
Missing character: There is no t in font nullfont!
Missing character: There is no y in font nullfont!
Missing character: There is no p in font nullfont!
Missing character: There is no i in font nullfont!
Missing character: There is no c in font nullfont!
Missing character: There is no a in font nullfont!
Missing character: There is no l in font nullfont!
Missing character: There is no n in font nullfont!
Missing character: There is no s in font nullfont!
Missing character: There is no i in font nullfont!
Missing character: There is no m in font nullfont!
Missing character: There is no n in font nullfont!
Missing character: There is no s in font nullfont!
Missing character: There is no i in font nullfont!
Missing character: There is no m in font nullfont!
Missing character: There is no s in font nullfont!
Missing character: There is no e in font nullfont!
Missing character: There is no e in font nullfont!
Missing character: There is no d in font nullfont!
Missing character: There is no s in font nullfont!
Missing character: There is no e in font nullfont!
Missing character: There is no e in font nullfont!
Missing character: There is no d in font nullfont!
Missing character: There is no d in font nullfont!
Missing character: There is no r in font nullfont!
Missing character: There is no a in font nullfont!
Missing character: There is no w in font nullfont!
Missing character: There is no s in font nullfont!
Missing character: There is no d in font nullfont!
Missing character: There is no r in font nullfont!
Missing character: There is no a in font nullfont!
Missing character: There is no w in font nullfont!
Missing character: There is no s in font nullfont!
Missing character: There is no m in font nullfont!
Missing character: There is no < in font nullfont!
Missing character: There is no - in font nullfont!
Missing character: There is no c in font nullfont!
Missing character: There is no m in font nullfont!
Missing character: There is no r in font nullfont!
Missing character: There is no e in font nullfont!
Missing character: There is no g in font nullfont!
Missing character: There is no ( in font nullfont!
Missing character: There is no Y in font nullfont!
Missing character: There is no ~ in font nullfont!
Missing character: There is no f in font nullfont!
Missing character: There is no e in font nullfont!
Missing character: There is no m in font nullfont!
Missing character: There is no a in font nullfont!
Missing character: There is no l in font nullfont!
Missing character: There is no e in font nullfont!
Missing character: There is no + in font nullfont!
Missing character: There is no a in font nullfont!
Missing character: There is no g in font nullfont!
Missing character: There is no e in font nullfont!
Missing character: There is no , in font nullfont!
Missing character: There is no a in font nullfont!
Missing character: There is no n in font nullfont!
Missing character: There is no c in font nullfont!
Missing character: There is no h in font nullfont!
Missing character: There is no o in font nullfont!
Missing character: There is no r in font nullfont!
Missing character: There is no = in font nullfont!
Missing character: There is no A in font nullfont!
Missing character: There is no , in font nullfont!
Missing character: There is no p in font nullfont!
Missing character: There is no = in font nullfont!
Missing character: There is no 0 in font nullfont!
Missing character: There is no . in font nullfont!
Missing character: There is no 1 in font nullfont!
Missing character: There is no , in font nullfont!
Missing character: There is no p in font nullfont!
Missing character: There is no . in font nullfont!
Missing character: There is no p in font nullfont!
Missing character: There is no r in font nullfont!
Missing character: There is no i in font nullfont!
Missing character: There is no m in font nullfont!
Missing character: There is no e in font nullfont!
Missing character: There is no = in font nullfont!
Missing character: There is no 0 in font nullfont!
Missing character: There is no . in font nullfont!
Missing character: There is no 1 in font nullfont!
Missing character: There is no 5 in font nullfont!
Missing character: There is no , in font nullfont!
[7]
Missing character: There is no d in font nullfont!
Missing character: There is no a in font nullfont!
Missing character: There is no t in font nullfont!
Missing character: There is no a in font nullfont!
Missing character: There is no = in font nullfont!
Missing character: There is no c in font nullfont!
Missing character: There is no m in font nullfont!
Missing character: There is no d in font nullfont!
Missing character: There is no a in font nullfont!
Missing character: There is no t in font nullfont!
Missing character: There is no a in font nullfont!
Missing character: There is no 2 in font nullfont!
Missing character: There is no ) in font nullfont!
Missing character: There is no p in font nullfont!
Missing character: There is no r in font nullfont!
Missing character: There is no e in font nullfont!
Missing character: There is no d in font nullfont!
Missing character: There is no i in font nullfont!
Missing character: There is no c in font nullfont!
Missing character: There is no t in font nullfont!
Missing character: There is no i in font nullfont!
Missing character: There is no o in font nullfont!
Missing character: There is no n in font nullfont!
Missing character: There is no s in font nullfont!
Missing character: There is no < in font nullfont!
Missing character: There is no - in font nullfont!
Missing character: There is no c in font nullfont!
Missing character: There is no m in font nullfont!
Missing character: There is no p in font nullfont!
Missing character: There is no r in font nullfont!
Missing character: There is no e in font nullfont!
Missing character: There is no d in font nullfont!
Missing character: There is no i in font nullfont!
Missing character: There is no c in font nullfont!
Missing character: There is no t in font nullfont!
Missing character: There is no ( in font nullfont!
Missing character: There is no m in font nullfont!
Missing character: There is no , in font nullfont!
Missing character: There is no t in font nullfont!
Missing character: There is no y in font nullfont!
Missing character: There is no p in font nullfont!
Missing character: There is no i in font nullfont!
Missing character: There is no c in font nullfont!
Missing character: There is no a in font nullfont!
Missing character: There is no l in font nullfont!
Missing character: There is no = in font nullfont!
Missing character: There is no c in font nullfont!
Missing character: There is no ( in font nullfont!
Missing character: There is no a in font nullfont!
Missing character: There is no g in font nullfont!
Missing character: There is no e in font nullfont!
Missing character: There is no = in font nullfont!
Missing character: There is no 3 in font nullfont!
Missing character: There is no 0 in font nullfont!
Missing character: There is no ) in font nullfont!
Missing character: There is no , in font nullfont!
Missing character: There is no z in font nullfont!
Missing character: There is no v in font nullfont!
Missing character: There is no a in font nullfont!
Missing character: There is no l in font nullfont!
Missing character: There is no = in font nullfont!
Missing character: There is no c in font nullfont!
Missing character: There is no ( in font nullfont!
Missing character: There is no f in font nullfont!
Missing character: There is no e in font nullfont!
Missing character: There is no m in font nullfont!
Missing character: There is no a in font nullfont!
Missing character: There is no l in font nullfont!
Missing character: There is no e in font nullfont!
Missing character: There is no = in font nullfont!
Missing character: There is no 0 in font nullfont!
Missing character: There is no , in font nullfont!
Missing character: There is no f in font nullfont!
Missing character: There is no e in font nullfont!
Missing character: There is no m in font nullfont!
Missing character: There is no a in font nullfont!
Missing character: There is no l in font nullfont!
Missing character: There is no e in font nullfont!
Missing character: There is no = in font nullfont!
Missing character: There is no 1 in font nullfont!
Missing character: There is no ) in font nullfont!
Missing character: There is no ) in font nullfont!
Missing character: There is no p in font nullfont!
Missing character: There is no r in font nullfont!
Missing character: There is no e in font nullfont!
Missing character: There is no d in font nullfont!
Missing character: There is no i in font nullfont!
Missing character: There is no c in font nullfont!
Missing character: There is no t in font nullfont!
Missing character: There is no i in font nullfont!
Missing character: There is no o in font nullfont!
Missing character: There is no n in font nullfont!
Missing character: There is no s in font nullfont!
Missing character: There is no c in font nullfont!
Missing character: There is no m in font nullfont!
Missing character: There is no p in font nullfont!
Missing character: There is no r in font nullfont!
Missing character: There is no e in font nullfont!
Missing character: There is no d in font nullfont!
Missing character: There is no i in font nullfont!
Missing character: There is no c in font nullfont!
Missing character: There is no t in font nullfont!
Missing character: There is no _ in font nullfont!
Missing character: There is no p in font nullfont!
Missing character: There is no c in font nullfont!
Missing character: There is no m in font nullfont!
Missing character: There is no p in font nullfont!
Missing character: There is no r in font nullfont!
Missing character: There is no e in font nullfont!
Missing character: There is no d in font nullfont!
Missing character: There is no i in font nullfont!
Missing character: There is no c in font nullfont!
Missing character: There is no t in font nullfont!
Missing character: There is no _ in font nullfont!
Missing character: There is no p in font nullfont!
Missing character: There is no c in font nullfont!
Missing character: There is no m in font nullfont!
Missing character: There is no p in font nullfont!
Missing character: There is no r in font nullfont!
Missing character: There is no e in font nullfont!
Missing character: There is no d in font nullfont!
Missing character: There is no i in font nullfont!
Missing character: There is no c in font nullfont!
Missing character: There is no t in font nullfont!
Missing character: There is no _ in font nullfont!
Missing character: There is no p in font nullfont!
Missing character: There is no ( in font nullfont!
Missing character: There is no o in font nullfont!
Missing character: There is no u in font nullfont!
Missing character: There is no t in font nullfont!
Missing character: There is no , in font nullfont!
Missing character: There is no n in font nullfont!
Missing character: There is no e in font nullfont!
Missing character: There is no w in font nullfont!
Missing character: There is no d in font nullfont!
Missing character: There is no a in font nullfont!
Missing character: There is no t in font nullfont!
Missing character: There is no a in font nullfont!
Missing character: There is no = in font nullfont!
Missing character: There is no N in font nullfont!
Missing character: There is no U in font nullfont!
Missing character: There is no L in font nullfont!
Missing character: There is no L in font nullfont!
Missing character: There is no , in font nullfont!
Missing character: There is no z in font nullfont!
Missing character: There is no v in font nullfont!
Missing character: There is no a in font nullfont!
Missing character: There is no l in font nullfont!
Missing character: There is no = in font nullfont!
Missing character: There is no N in font nullfont!
Missing character: There is no U in font nullfont!
Missing character: There is no L in font nullfont!
Missing character: There is no L in font nullfont!
Missing character: There is no , in font nullfont!
Missing character: There is no t in font nullfont!
Missing character: There is no y in font nullfont!
Missing character: There is no p in font nullfont!
Missing character: There is no i in font nullfont!
Missing character: There is no c in font nullfont!
Missing character: There is no a in font nullfont!
Missing character: There is no l in font nullfont!
Missing character: There is no = in font nullfont!
Missing character: There is no N in font nullfont!
Missing character: There is no U in font nullfont!
Missing character: There is no L in font nullfont!
Missing character: There is no L in font nullfont!
Missing character: There is no , in font nullfont!
Missing character: There is no t in font nullfont!
Missing character: There is no y in font nullfont!
Missing character: There is no p in font nullfont!
Missing character: There is no e in font nullfont!
Missing character: There is no = in font nullfont!
Missing character: There is no c in font nullfont!
Missing character: There is no ( in font nullfont!
Missing character: There is no " in font nullfont!
Missing character: There is no r in font nullfont!
Missing character: There is no e in font nullfont!
Missing character: There is no s in font nullfont!
Missing character: There is no p in font nullfont!
Missing character: There is no o in font nullfont!
Missing character: There is no n in font nullfont!
Missing character: There is no s in font nullfont!
Missing character: There is no e in font nullfont!
Missing character: There is no " in font nullfont!
Missing character: There is no , in font nullfont!
Missing character: There is no " in font nullfont!
Missing character: There is no l in font nullfont!
Missing character: There is no i in font nullfont!
Missing character: There is no n in font nullfont!
Missing character: There is no k in font nullfont!
Missing character: There is no " in font nullfont!
Missing character: There is no ) in font nullfont!
Missing character: There is no , in font nullfont!
Missing character: There is no n in font nullfont!
Missing character: There is no s in font nullfont!
Missing character: There is no i in font nullfont!
Missing character: There is no m in font nullfont!
Missing character: There is no = in font nullfont!
Missing character: There is no 1 in font nullfont!
Missing character: There is no 0 in font nullfont!
Missing character: There is no 0 in font nullfont!
Missing character: There is no 0 in font nullfont!
Missing character: There is no L in font nullfont!
Missing character: There is no , in font nullfont!
Missing character: There is no s in font nullfont!
Missing character: There is no e in font nullfont!
Missing character: There is no e in font nullfont!
Missing character: There is no d in font nullfont!
Missing character: There is no = in font nullfont!
Missing character: There is no N in font nullfont!
Missing character: There is no U in font nullfont!
Missing character: There is no L in font nullfont!
Missing character: There is no L in font nullfont!
Missing character: There is no , in font nullfont!
Missing character: There is no d in font nullfont!
Missing character: There is no r in font nullfont!
Missing character: There is no a in font nullfont!
Missing character: There is no w in font nullfont!
Missing character: There is no s in font nullfont!
Missing character: There is no = in font nullfont!
Missing character: There is no F in font nullfont!
Missing character: There is no A in font nullfont!
Missing character: There is no L in font nullfont!
Missing character: There is no S in font nullfont!
Missing character: There is no E in font nullfont!
Missing character: There is no ) in font nullfont!
Missing character: There is no c in font nullfont!
Missing character: There is no m in font nullfont!
Missing character: There is no p in font nullfont!
Missing character: There is no r in font nullfont!
Missing character: There is no e in font nullfont!
Missing character: There is no d in font nullfont!
Missing character: There is no i in font nullfont!
Missing character: There is no c in font nullfont!
Missing character: There is no t in font nullfont!
Missing character: There is no . in font nullfont!
Missing character: There is no p in font nullfont!
Missing character: There is no ( in font nullfont!
Missing character: There is no . in font nullfont!
Missing character: There is no . in font nullfont!
Missing character: There is no . in font nullfont!
Missing character: There is no ) in font nullfont!
Missing character: There is no o in font nullfont!
Missing character: There is no u in font nullfont!
Missing character: There is no t in font nullfont!
Missing character: There is no o in font nullfont!
Missing character: There is no u in font nullfont!
Missing character: There is no t in font nullfont!
Missing character: There is no c in font nullfont!
Missing character: There is no m in font nullfont!
Missing character: There is no r in font nullfont!
Missing character: There is no e in font nullfont!
Missing character: There is no g in font nullfont!
Missing character: There is no _ in font nullfont!
Missing character: There is no p in font nullfont!
Missing character: There is no n in font nullfont!
Missing character: There is no e in font nullfont!
Missing character: There is no w in font nullfont!
Missing character: There is no d in font nullfont!
Missing character: There is no a in font nullfont!
Missing character: There is no t in font nullfont!
Missing character: There is no a in font nullfont!
Missing character: There is no n in font nullfont!
Missing character: There is no e in font nullfont!
Missing character: There is no w in font nullfont!
Missing character: There is no d in font nullfont!
Missing character: There is no a in font nullfont!
Missing character: There is no t in font nullfont!
Missing character: There is no a in font nullfont!
Missing character: There is no z in font nullfont!
Missing character: There is no v in font nullfont!
Missing character: There is no a in font nullfont!
Missing character: There is no l in font nullfont!
Missing character: There is no z in font nullfont!
Missing character: There is no v in font nullfont!
Missing character: There is no a in font nullfont!
Missing character: There is no l in font nullfont!
Missing character: There is no t in font nullfont!
Missing character: There is no y in font nullfont!
Missing character: There is no p in font nullfont!
Missing character: There is no i in font nullfont!
Missing character: There is no c in font nullfont!
Missing character: There is no a in font nullfont!
Missing character: There is no l in font nullfont!
Missing character: There is no t in font nullfont!
Missing character: There is no y in font nullfont!
Missing character: There is no p in font nullfont!
Missing character: There is no i in font nullfont!
Missing character: There is no c in font nullfont!
Missing character: There is no a in font nullfont!
Missing character: There is no l in font nullfont!
Missing character: There is no t in font nullfont!
Missing character: There is no y in font nullfont!
Missing character: There is no p in font nullfont!
Missing character: There is no e in font nullfont!
Missing character: There is no t in font nullfont!
Missing character: There is no y in font nullfont!
Missing character: There is no p in font nullfont!
Missing character: There is no e in font nullfont!

Overfull \hbox (1.92738pt too wide) in paragraph at lines 422--424
[]\T1/ptm/m/n/10 Prediction scale: `"re-sponse"` (de-fault) or `"link"`. The Gaus-sian out-come model
 []

Missing character: There is no n in font nullfont!
Missing character: There is no s in font nullfont!
Missing character: There is no i in font nullfont!
Missing character: There is no m in font nullfont!
Missing character: There is no n in font nullfont!
Missing character: There is no s in font nullfont!
Missing character: There is no i in font nullfont!
Missing character: There is no m in font nullfont!
Missing character: There is no s in font nullfont!
Missing character: There is no e in font nullfont!
Missing character: There is no e in font nullfont!
Missing character: There is no d in font nullfont!
Missing character: There is no s in font nullfont!
Missing character: There is no e in font nullfont!
Missing character: There is no e in font nullfont!
Missing character: There is no d in font nullfont!
Missing character: There is no d in font nullfont!
Missing character: There is no r in font nullfont!
Missing character: There is no a in font nullfont!
Missing character: There is no w in font nullfont!
Missing character: There is no s in font nullfont!
Missing character: There is no d in font nullfont!
Missing character: There is no r in font nullfont!
Missing character: There is no a in font nullfont!
Missing character: There is no w in font nullfont!
Missing character: There is no s in font nullfont!
Missing character: There is no . in font nullfont!
Missing character: There is no . in font nullfont!
Missing character: There is no . in font nullfont!
Missing character: There is no . in font nullfont!
Missing character: There is no . in font nullfont!
Missing character: There is no . in font nullfont!
Missing character: There is no c in font nullfont!
Missing character: There is no m in font nullfont!
Missing character: There is no p in font nullfont!
Missing character: There is no r in font nullfont!
Missing character: There is no e in font nullfont!
Missing character: There is no d in font nullfont!
Missing character: There is no i in font nullfont!
Missing character: There is no c in font nullfont!
Missing character: There is no t in font nullfont!
Missing character: There is no _ in font nullfont!
Missing character: There is no p in font nullfont!
Missing character: There is no ( in font nullfont!
Missing character: There is no ) in font nullfont!
[8]
Missing character: There is no m in font nullfont!
Missing character: There is no 2 in font nullfont!
Missing character: There is no < in font nullfont!
Missing character: There is no - in font nullfont!
Missing character: There is no c in font nullfont!
Missing character: There is no m in font nullfont!
Missing character: There is no r in font nullfont!
Missing character: There is no e in font nullfont!
Missing character: There is no g in font nullfont!
Missing character: There is no _ in font nullfont!
Missing character: There is no p in font nullfont!
Missing character: There is no ( in font nullfont!
Missing character: There is no V in font nullfont!
Missing character: There is no ~ in font nullfont!
Missing character: There is no a in font nullfont!
Missing character: There is no g in font nullfont!
Missing character: There is no e in font nullfont!
Missing character: There is no + in font nullfont!
Missing character: There is no f in font nullfont!
Missing character: There is no e in font nullfont!
Missing character: There is no m in font nullfont!
Missing character: There is no a in font nullfont!
Missing character: There is no l in font nullfont!
Missing character: There is no e in font nullfont!
Missing character: There is no , in font nullfont!
Missing character: There is no c in font nullfont!
Missing character: There is no r in font nullfont!
Missing character: There is no o in font nullfont!
Missing character: There is no s in font nullfont!
Missing character: There is no s in font nullfont!
Missing character: There is no w in font nullfont!
Missing character: There is no i in font nullfont!
Missing character: There is no s in font nullfont!
Missing character: There is no e in font nullfont!
Missing character: There is no = in font nullfont!
Missing character: There is no Y in font nullfont!
Missing character: There is no , in font nullfont!
Missing character: There is no a in font nullfont!
Missing character: There is no n in font nullfont!
Missing character: There is no c in font nullfont!
Missing character: There is no h in font nullfont!
Missing character: There is no o in font nullfont!
Missing character: There is no r in font nullfont!
Missing character: There is no = in font nullfont!
Missing character: There is no A in font nullfont!
Missing character: There is no , in font nullfont!
Missing character: There is no p in font nullfont!
Missing character: There is no = in font nullfont!
Missing character: There is no 0 in font nullfont!
Missing character: There is no . in font nullfont!
Missing character: There is no 1 in font nullfont!
Missing character: There is no , in font nullfont!
Missing character: There is no p in font nullfont!
Missing character: There is no . in font nullfont!
Missing character: There is no p in font nullfont!
Missing character: There is no r in font nullfont!
Missing character: There is no i in font nullfont!
Missing character: There is no m in font nullfont!
Missing character: There is no e in font nullfont!
Missing character: There is no = in font nullfont!
Missing character: There is no 0 in font nullfont!
Missing character: There is no . in font nullfont!
Missing character: There is no 1 in font nullfont!
Missing character: There is no 5 in font nullfont!
Missing character: There is no , in font nullfont!
Missing character: There is no d in font nullfont!
Missing character: There is no a in font nullfont!
Missing character: There is no t in font nullfont!
Missing character: There is no a in font nullfont!
Missing character: There is no = in font nullfont!
Missing character: There is no c in font nullfont!
Missing character: There is no m in font nullfont!
Missing character: There is no d in font nullfont!
Missing character: There is no a in font nullfont!
Missing character: There is no t in font nullfont!
Missing character: There is no a in font nullfont!
Missing character: There is no 3 in font nullfont!
Missing character: There is no ) in font nullfont!
Missing character: There is no p in font nullfont!
Missing character: There is no r in font nullfont!
Missing character: There is no e in font nullfont!
Missing character: There is no d in font nullfont!
Missing character: There is no i in font nullfont!
Missing character: There is no c in font nullfont!
Missing character: There is no t in font nullfont!
Missing character: There is no i in font nullfont!
Missing character: There is no o in font nullfont!
Missing character: There is no n in font nullfont!
Missing character: There is no s in font nullfont!
Missing character: There is no < in font nullfont!
Missing character: There is no - in font nullfont!
Missing character: There is no c in font nullfont!
Missing character: There is no m in font nullfont!
Missing character: There is no p in font nullfont!
Missing character: There is no r in font nullfont!
Missing character: There is no e in font nullfont!
Missing character: There is no d in font nullfont!
Missing character: There is no i in font nullfont!
Missing character: There is no c in font nullfont!
Missing character: There is no t in font nullfont!
Missing character: There is no _ in font nullfont!
Missing character: There is no p in font nullfont!
Missing character: There is no ( in font nullfont!
Missing character: There is no m in font nullfont!
Missing character: There is no 2 in font nullfont!
Missing character: There is no , in font nullfont!
Missing character: There is no n in font nullfont!
Missing character: There is no e in font nullfont!
Missing character: There is no w in font nullfont!
Missing character: There is no d in font nullfont!
Missing character: There is no a in font nullfont!
Missing character: There is no t in font nullfont!
Missing character: There is no a in font nullfont!
Missing character: There is no = in font nullfont!
Missing character: There is no d in font nullfont!
Missing character: There is no a in font nullfont!
Missing character: There is no t in font nullfont!
Missing character: There is no a in font nullfont!
Missing character: There is no . in font nullfont!
Missing character: There is no f in font nullfont!
Missing character: There is no r in font nullfont!
Missing character: There is no a in font nullfont!
Missing character: There is no m in font nullfont!
Missing character: There is no e in font nullfont!
Missing character: There is no ( in font nullfont!
Missing character: There is no a in font nullfont!
Missing character: There is no g in font nullfont!
Missing character: There is no e in font nullfont!
Missing character: There is no = in font nullfont!
Missing character: There is no 3 in font nullfont!
Missing character: There is no 0 in font nullfont!
Missing character: There is no , in font nullfont!
Missing character: There is no f in font nullfont!
Missing character: There is no e in font nullfont!
Missing character: There is no m in font nullfont!
Missing character: There is no a in font nullfont!
Missing character: There is no l in font nullfont!
Missing character: There is no e in font nullfont!
Missing character: There is no = in font nullfont!
Missing character: There is no 1 in font nullfont!
Missing character: There is no ) in font nullfont!
Missing character: There is no ) in font nullfont!
Missing character: There is no p in font nullfont!
Missing character: There is no r in font nullfont!
Missing character: There is no e in font nullfont!
Missing character: There is no d in font nullfont!
Missing character: There is no i in font nullfont!
Missing character: There is no c in font nullfont!
Missing character: There is no t in font nullfont!
Missing character: There is no i in font nullfont!
Missing character: There is no o in font nullfont!
Missing character: There is no n in font nullfont!
Missing character: There is no s in font nullfont!
Missing character: There is no c in font nullfont!
Missing character: There is no m in font nullfont!
Missing character: There is no r in font nullfont!
Missing character: There is no e in font nullfont!
Missing character: There is no g in font nullfont!
Missing character: There is no c in font nullfont!
Missing character: There is no m in font nullfont!
Missing character: There is no r in font nullfont!
Missing character: There is no e in font nullfont!
Missing character: There is no g in font nullfont!
Missing character: There is no c in font nullfont!
Missing character: There is no m in font nullfont!
Missing character: There is no r in font nullfont!
Missing character: There is no e in font nullfont!
Missing character: There is no g in font nullfont!
Missing character: There is no c in font nullfont!
Missing character: There is no m in font nullfont!
Missing character: There is no r in font nullfont!
Missing character: There is no e in font nullfont!
Missing character: There is no g in font nullfont!
Missing character: There is no ( in font nullfont!
Missing character: There is no f in font nullfont!
Missing character: There is no o in font nullfont!
Missing character: There is no r in font nullfont!
Missing character: There is no m in font nullfont!
Missing character: There is no u in font nullfont!
Missing character: There is no l in font nullfont!
Missing character: There is no a in font nullfont!
Missing character: There is no , in font nullfont!
Missing character: There is no a in font nullfont!
Missing character: There is no n in font nullfont!
Missing character: There is no c in font nullfont!
Missing character: There is no h in font nullfont!
Missing character: There is no o in font nullfont!
Missing character: There is no r in font nullfont!
Missing character: There is no , in font nullfont!
Missing character: There is no p in font nullfont!
Missing character: There is no , in font nullfont!
Missing character: There is no p in font nullfont!
Missing character: There is no . in font nullfont!
Missing character: There is no p in font nullfont!
Missing character: There is no r in font nullfont!
Missing character: There is no i in font nullfont!
Missing character: There is no m in font nullfont!
Missing character: There is no e in font nullfont!
Missing character: There is no , in font nullfont!
Missing character: There is no d in font nullfont!
Missing character: There is no a in font nullfont!
Missing character: There is no t in font nullfont!
Missing character: There is no a in font nullfont!
Missing character: There is no , in font nullfont!
Missing character: There is no s in font nullfont!
Missing character: There is no t in font nullfont!
Missing character: There is no a in font nullfont!
Missing character: There is no r in font nullfont!
Missing character: There is no t in font nullfont!
Missing character: There is no = in font nullfont!
Missing character: There is no N in font nullfont!
Missing character: There is no U in font nullfont!
Missing character: There is no L in font nullfont!
Missing character: There is no L in font nullfont!
Missing character: There is no , in font nullfont!
Missing character: There is no n in font nullfont!
Missing character: There is no . in font nullfont!
Missing character: There is no s in font nullfont!
Missing character: There is no t in font nullfont!
Missing character: There is no a in font nullfont!
Missing character: There is no r in font nullfont!
Missing character: There is no t in font nullfont!
Missing character: There is no = in font nullfont!
Missing character: There is no 3 in font nullfont!
Missing character: There is no L in font nullfont!
Missing character: There is no , in font nullfont!
Missing character: There is no c in font nullfont!
Missing character: There is no o in font nullfont!
Missing character: There is no n in font nullfont!
Missing character: There is no t in font nullfont!
Missing character: There is no r in font nullfont!
Missing character: There is no o in font nullfont!
Missing character: There is no l in font nullfont!
Missing character: There is no = in font nullfont!
Missing character: There is no l in font nullfont!
Missing character: There is no i in font nullfont!
Missing character: There is no s in font nullfont!
Missing character: There is no t in font nullfont!
Missing character: There is no ( in font nullfont!
Missing character: There is no ) in font nullfont!
Missing character: There is no ) in font nullfont!
Missing character: There is no f in font nullfont!
Missing character: There is no o in font nullfont!
Missing character: There is no r in font nullfont!
Missing character: There is no m in font nullfont!
Missing character: There is no u in font nullfont!
Missing character: There is no l in font nullfont!
Missing character: There is no a in font nullfont!
Missing character: There is no f in font nullfont!
Missing character: There is no o in font nullfont!
Missing character: There is no r in font nullfont!
Missing character: There is no m in font nullfont!
Missing character: There is no u in font nullfont!
Missing character: There is no l in font nullfont!
Missing character: There is no a in font nullfont!
Missing character: There is no a in font nullfont!
Missing character: There is no n in font nullfont!
Missing character: There is no c in font nullfont!
Missing character: There is no h in font nullfont!
Missing character: There is no o in font nullfont!
Missing character: There is no r in font nullfont!
Missing character: There is no a in font nullfont!
Missing character: There is no n in font nullfont!
Missing character: There is no c in font nullfont!
Missing character: There is no h in font nullfont!
Missing character: There is no o in font nullfont!
Missing character: There is no r in font nullfont!
Missing character: There is no p in font nullfont!
Missing character: There is no p in font nullfont!
Missing character: There is no p in font nullfont!
Missing character: There is no . in font nullfont!
Missing character: There is no p in font nullfont!
Missing character: There is no r in font nullfont!
Missing character: There is no i in font nullfont!
Missing character: There is no m in font nullfont!
Missing character: There is no e in font nullfont!
Missing character: There is no p in font nullfont!
Missing character: There is no . in font nullfont!
Missing character: There is no p in font nullfont!
Missing character: There is no r in font nullfont!
Missing character: There is no i in font nullfont!
Missing character: There is no m in font nullfont!
Missing character: There is no e in font nullfont!
Missing character: There is no d in font nullfont!
Missing character: There is no a in font nullfont!
Missing character: There is no t in font nullfont!
Missing character: There is no a in font nullfont!
Missing character: There is no d in font nullfont!
Missing character: There is no a in font nullfont!
Missing character: There is no t in font nullfont!
Missing character: There is no a in font nullfont!
Missing character: There is no s in font nullfont!
Missing character: There is no t in font nullfont!
Missing character: There is no a in font nullfont!
Missing character: There is no r in font nullfont!
Missing character: There is no t in font nullfont!
Missing character: There is no s in font nullfont!
Missing character: There is no t in font nullfont!
Missing character: There is no a in font nullfont!
Missing character: There is no r in font nullfont!
Missing character: There is no t in font nullfont!
[9]
Missing character: There is no n in font nullfont!
Missing character: There is no . in font nullfont!
Missing character: There is no s in font nullfont!
Missing character: There is no t in font nullfont!
Missing character: There is no a in font nullfont!
Missing character: There is no r in font nullfont!
Missing character: There is no t in font nullfont!
Missing character: There is no n in font nullfont!
Missing character: There is no . in font nullfont!
Missing character: There is no s in font nullfont!
Missing character: There is no t in font nullfont!
Missing character: There is no a in font nullfont!
Missing character: There is no r in font nullfont!
Missing character: There is no t in font nullfont!
Missing character: There is no c in font nullfont!
Missing character: There is no o in font nullfont!
Missing character: There is no n in font nullfont!
Missing character: There is no t in font nullfont!
Missing character: There is no r in font nullfont!
Missing character: There is no o in font nullfont!
Missing character: There is no l in font nullfont!
Missing character: There is no c in font nullfont!
Missing character: There is no o in font nullfont!
Missing character: There is no n in font nullfont!
Missing character: There is no t in font nullfont!
Missing character: There is no r in font nullfont!
Missing character: There is no o in font nullfont!
Missing character: There is no l in font nullfont!
Missing character: There is no m in font nullfont!
Missing character: There is no < in font nullfont!
Missing character: There is no - in font nullfont!
Missing character: There is no c in font nullfont!
Missing character: There is no m in font nullfont!
Missing character: There is no r in font nullfont!
Missing character: There is no e in font nullfont!
Missing character: There is no g in font nullfont!
Missing character: There is no ( in font nullfont!
Missing character: There is no Y in font nullfont!
Missing character: There is no ~ in font nullfont!
Missing character: There is no f in font nullfont!
Missing character: There is no e in font nullfont!
Missing character: There is no m in font nullfont!
Missing character: There is no a in font nullfont!
Missing character: There is no l in font nullfont!
Missing character: There is no e in font nullfont!
Missing character: There is no + in font nullfont!
Missing character: There is no a in font nullfont!
Missing character: There is no g in font nullfont!
Missing character: There is no e in font nullfont!
Missing character: There is no , in font nullfont!
Missing character: There is no a in font nullfont!
Missing character: There is no n in font nullfont!
Missing character: There is no c in font nullfont!
Missing character: There is no h in font nullfont!
Missing character: There is no o in font nullfont!
Missing character: There is no r in font nullfont!
Missing character: There is no = in font nullfont!
Missing character: There is no A in font nullfont!
Missing character: There is no , in font nullfont!
Missing character: There is no p in font nullfont!
Missing character: There is no = in font nullfont!
Missing character: There is no 0 in font nullfont!
Missing character: There is no . in font nullfont!
Missing character: There is no 1 in font nullfont!
Missing character: There is no , in font nullfont!
Missing character: There is no p in font nullfont!
Missing character: There is no . in font nullfont!
Missing character: There is no p in font nullfont!
Missing character: There is no r in font nullfont!
Missing character: There is no i in font nullfont!
Missing character: There is no m in font nullfont!
Missing character: There is no e in font nullfont!
Missing character: There is no = in font nullfont!
Missing character: There is no 0 in font nullfont!
Missing character: There is no . in font nullfont!
Missing character: There is no 1 in font nullfont!
Missing character: There is no 5 in font nullfont!
Missing character: There is no , in font nullfont!
Missing character: There is no d in font nullfont!
Missing character: There is no a in font nullfont!
Missing character: There is no t in font nullfont!
Missing character: There is no a in font nullfont!
Missing character: There is no = in font nullfont!
Missing character: There is no c in font nullfont!
Missing character: There is no m in font nullfont!
Missing character: There is no d in font nullfont!
Missing character: There is no a in font nullfont!
Missing character: There is no t in font nullfont!
Missing character: There is no a in font nullfont!
Missing character: There is no 2 in font nullfont!
Missing character: There is no ) in font nullfont!
Missing character: There is no m in font nullfont!
Missing character: There is no c in font nullfont!
Missing character: There is no m in font nullfont!
Missing character: There is no r in font nullfont!
Missing character: There is no e in font nullfont!
Missing character: There is no g in font nullfont!
Missing character: There is no - in font nullfont!
Missing character: There is no m in font nullfont!
Missing character: There is no e in font nullfont!
Missing character: There is no t in font nullfont!
Missing character: There is no h in font nullfont!
Missing character: There is no o in font nullfont!
Missing character: There is no d in font nullfont!
Missing character: There is no s in font nullfont!
Missing character: There is no c in font nullfont!
Missing character: There is no m in font nullfont!
Missing character: There is no r in font nullfont!
Missing character: There is no e in font nullfont!
Missing character: There is no g in font nullfont!
Missing character: There is no - in font nullfont!
Missing character: There is no m in font nullfont!
Missing character: There is no e in font nullfont!
Missing character: There is no t in font nullfont!
Missing character: There is no h in font nullfont!
Missing character: There is no o in font nullfont!
Missing character: There is no d in font nullfont!
Missing character: There is no s in font nullfont!
Missing character: There is no # in font nullfont!
Missing character: There is no # in font nullfont!
Missing character: There is no S in font nullfont!
Missing character: There is no 3 in font nullfont!
Missing character: There is no m in font nullfont!
Missing character: There is no e in font nullfont!
Missing character: There is no t in font nullfont!
Missing character: There is no h in font nullfont!
Missing character: There is no o in font nullfont!
Missing character: There is no d in font nullfont!
Missing character: There is no f in font nullfont!
Missing character: There is no o in font nullfont!
Missing character: There is no r in font nullfont!
Missing character: There is no c in font nullfont!
Missing character: There is no l in font nullfont!
Missing character: There is no a in font nullfont!
Missing character: There is no s in font nullfont!
Missing character: There is no s in font nullfont!
LaTeX Font Info:    Trying to load font information for TS1+pcr on input line 555.
(t:/texmf-dist/tex/latex/psnfss/ts1pcr.fd
File: ts1pcr.fd 2001/06/04 font definitions for TS1/pcr.
)
! Font TS1/pcr/m/n/10=pcrr8c at 10.0pt not loadable: Metric (TFM) file not found.
<to be read again> 
                   relax 
l.555 ## S3 method for class 'cmreg'
                                    
I wasn't able to read the size data for this font,
so I will ignore the font specification.
[Wizards can fix TFM files using TFtoPL/PLtoTF.]
You might try inserting a different font spec;
e.g., type `I\font<same font id>=<substitute font name>'.

Missing character: There is no ' in font nullfont!
Missing character: There is no c in font nullfont!
Missing character: There is no m in font nullfont!
Missing character: There is no r in font nullfont!
Missing character: There is no e in font nullfont!
Missing character: There is no g in font nullfont!
Missing character: There is no ' in font nullfont!
Missing character: There is no p in font nullfont!
Missing character: There is no r in font nullfont!
Missing character: There is no i in font nullfont!
Missing character: There is no n in font nullfont!
Missing character: There is no t in font nullfont!
Missing character: There is no ( in font nullfont!
Missing character: There is no x in font nullfont!
Missing character: There is no , in font nullfont!
Missing character: There is no d in font nullfont!
Missing character: There is no i in font nullfont!
Missing character: There is no g in font nullfont!
Missing character: There is no i in font nullfont!
Missing character: There is no t in font nullfont!
Missing character: There is no s in font nullfont!
Missing character: There is no = in font nullfont!
Missing character: There is no m in font nullfont!
Missing character: There is no a in font nullfont!
Missing character: There is no x in font nullfont!
Missing character: There is no ( in font nullfont!
Missing character: There is no 3 in font nullfont!
Missing character: There is no L in font nullfont!
Missing character: There is no , in font nullfont!
Missing character: There is no g in font nullfont!
Missing character: There is no e in font nullfont!
Missing character: There is no t in font nullfont!
Missing character: There is no O in font nullfont!
Missing character: There is no p in font nullfont!
Missing character: There is no t in font nullfont!
Missing character: There is no i in font nullfont!
Missing character: There is no o in font nullfont!
Missing character: There is no n in font nullfont!
Missing character: There is no ( in font nullfont!
Missing character: There is no " in font nullfont!
Missing character: There is no d in font nullfont!
Missing character: There is no i in font nullfont!
Missing character: There is no g in font nullfont!
Missing character: There is no i in font nullfont!
Missing character: There is no t in font nullfont!
Missing character: There is no s in font nullfont!
Missing character: There is no " in font nullfont!
Missing character: There is no ) in font nullfont!
Missing character: There is no - in font nullfont!
Missing character: There is no 3 in font nullfont!
Missing character: There is no L in font nullfont!
Missing character: There is no ) in font nullfont!
Missing character: There is no , in font nullfont!
Missing character: There is no . in font nullfont!
Missing character: There is no . in font nullfont!
Missing character: There is no . in font nullfont!
Missing character: There is no ) in font nullfont!
Missing character: There is no # in font nullfont!
Missing character: There is no # in font nullfont!
Missing character: There is no S in font nullfont!
Missing character: There is no 3 in font nullfont!
Missing character: There is no m in font nullfont!
Missing character: There is no e in font nullfont!
Missing character: There is no t in font nullfont!
Missing character: There is no h in font nullfont!
Missing character: There is no o in font nullfont!
Missing character: There is no d in font nullfont!
Missing character: There is no f in font nullfont!
Missing character: There is no o in font nullfont!
Missing character: There is no r in font nullfont!
Missing character: There is no c in font nullfont!
Missing character: There is no l in font nullfont!
Missing character: There is no a in font nullfont!
Missing character: There is no s in font nullfont!
Missing character: There is no s in font nullfont!
Missing character: There is no ' in font nullfont!
Missing character: There is no c in font nullfont!
Missing character: There is no m in font nullfont!
Missing character: There is no r in font nullfont!
Missing character: There is no e in font nullfont!
Missing character: There is no g in font nullfont!
Missing character: There is no ' in font nullfont!
Missing character: There is no s in font nullfont!
Missing character: There is no u in font nullfont!
Missing character: There is no m in font nullfont!
Missing character: There is no m in font nullfont!
Missing character: There is no a in font nullfont!
Missing character: There is no r in font nullfont!
Missing character: There is no y in font nullfont!
Missing character: There is no ( in font nullfont!
Missing character: There is no o in font nullfont!
Missing character: There is no b in font nullfont!
Missing character: There is no j in font nullfont!
Missing character: There is no e in font nullfont!
Missing character: There is no c in font nullfont!
Missing character: There is no t in font nullfont!
Missing character: There is no , in font nullfont!
Missing character: There is no . in font nullfont!
Missing character: There is no . in font nullfont!
Missing character: There is no . in font nullfont!
Missing character: There is no ) in font nullfont!
Missing character: There is no # in font nullfont!
Missing character: There is no # in font nullfont!
Missing character: There is no S in font nullfont!
Missing character: There is no 3 in font nullfont!
Missing character: There is no m in font nullfont!
Missing character: There is no e in font nullfont!
Missing character: There is no t in font nullfont!
Missing character: There is no h in font nullfont!
Missing character: There is no o in font nullfont!
Missing character: There is no d in font nullfont!
Missing character: There is no f in font nullfont!
Missing character: There is no o in font nullfont!
Missing character: There is no r in font nullfont!
Missing character: There is no c in font nullfont!
Missing character: There is no l in font nullfont!
Missing character: There is no a in font nullfont!
Missing character: There is no s in font nullfont!
Missing character: There is no s in font nullfont!
Missing character: There is no ' in font nullfont!
Missing character: There is no s in font nullfont!
Missing character: There is no u in font nullfont!
Missing character: There is no m in font nullfont!
Missing character: There is no m in font nullfont!
Missing character: There is no a in font nullfont!
Missing character: There is no r in font nullfont!
Missing character: There is no y in font nullfont!
Missing character: There is no . in font nullfont!
Missing character: There is no c in font nullfont!
Missing character: There is no m in font nullfont!
Missing character: There is no r in font nullfont!
Missing character: There is no e in font nullfont!
Missing character: There is no g in font nullfont!
Missing character: There is no ' in font nullfont!
Missing character: There is no p in font nullfont!
Missing character: There is no r in font nullfont!
Missing character: There is no i in font nullfont!
Missing character: There is no n in font nullfont!
Missing character: There is no t in font nullfont!
Missing character: There is no ( in font nullfont!
Missing character: There is no x in font nullfont!
Missing character: There is no , in font nullfont!
Missing character: There is no d in font nullfont!
Missing character: There is no i in font nullfont!
Missing character: There is no g in font nullfont!
Missing character: There is no i in font nullfont!
Missing character: There is no t in font nullfont!
Missing character: There is no s in font nullfont!
Missing character: There is no = in font nullfont!
Missing character: There is no m in font nullfont!
Missing character: There is no a in font nullfont!
Missing character: There is no x in font nullfont!
Missing character: There is no ( in font nullfont!
Missing character: There is no 3 in font nullfont!
Missing character: There is no L in font nullfont!
Missing character: There is no , in font nullfont!
Missing character: There is no g in font nullfont!
Missing character: There is no e in font nullfont!
Missing character: There is no t in font nullfont!
Missing character: There is no O in font nullfont!
Missing character: There is no p in font nullfont!
Missing character: There is no t in font nullfont!
Missing character: There is no i in font nullfont!
Missing character: There is no o in font nullfont!
Missing character: There is no n in font nullfont!
Missing character: There is no ( in font nullfont!
Missing character: There is no " in font nullfont!
Missing character: There is no d in font nullfont!
Missing character: There is no i in font nullfont!
Missing character: There is no g in font nullfont!
Missing character: There is no i in font nullfont!
Missing character: There is no t in font nullfont!
Missing character: There is no s in font nullfont!
Missing character: There is no " in font nullfont!
Missing character: There is no ) in font nullfont!
Missing character: There is no - in font nullfont!
Missing character: There is no 3 in font nullfont!
Missing character: There is no L in font nullfont!
Missing character: There is no ) in font nullfont!
Missing character: There is no , in font nullfont!
Missing character: There is no . in font nullfont!
Missing character: There is no . in font nullfont!
Missing character: There is no . in font nullfont!
Missing character: There is no ) in font nullfont!
Missing character: There is no x in font nullfont!
Missing character: There is no x in font nullfont!
[10]
Missing character: There is no d in font nullfont!
Missing character: There is no i in font nullfont!
Missing character: There is no g in font nullfont!
Missing character: There is no i in font nullfont!
Missing character: There is no t in font nullfont!
Missing character: There is no s in font nullfont!
Missing character: There is no d in font nullfont!
Missing character: There is no i in font nullfont!
Missing character: There is no g in font nullfont!
Missing character: There is no i in font nullfont!
Missing character: There is no t in font nullfont!
Missing character: There is no s in font nullfont!
Missing character: There is no . in font nullfont!
Missing character: There is no . in font nullfont!
Missing character: There is no . in font nullfont!
Missing character: There is no . in font nullfont!
Missing character: There is no . in font nullfont!
Missing character: There is no . in font nullfont!
Missing character: There is no o in font nullfont!
Missing character: There is no b in font nullfont!
Missing character: There is no j in font nullfont!
Missing character: There is no e in font nullfont!
Missing character: There is no c in font nullfont!
Missing character: There is no t in font nullfont!
Missing character: There is no o in font nullfont!
Missing character: There is no b in font nullfont!
Missing character: There is no j in font nullfont!
Missing character: There is no e in font nullfont!
Missing character: There is no c in font nullfont!
Missing character: There is no t in font nullfont!
Missing character: There is no c in font nullfont!
Missing character: There is no m in font nullfont!
Missing character: There is no r in font nullfont!
Missing character: There is no e in font nullfont!
Missing character: There is no g in font nullfont!
Missing character: There is no _ in font nullfont!
Missing character: There is no p in font nullfont!
Missing character: There is no c in font nullfont!
Missing character: There is no m in font nullfont!
Missing character: There is no r in font nullfont!
Missing character: There is no e in font nullfont!
Missing character: There is no g in font nullfont!
Missing character: There is no _ in font nullfont!
Missing character: There is no p in font nullfont!
Missing character: There is no c in font nullfont!
Missing character: There is no m in font nullfont!
Missing character: There is no r in font nullfont!
Missing character: There is no e in font nullfont!
Missing character: There is no g in font nullfont!
Missing character: There is no c in font nullfont!
Missing character: There is no m in font nullfont!
Missing character: There is no r in font nullfont!
Missing character: There is no e in font nullfont!
Missing character: There is no g in font nullfont!
Missing character: There is no _ in font nullfont!
Missing character: There is no p in font nullfont!
Missing character: There is no ( in font nullfont!
Missing character: There is no f in font nullfont!
Missing character: There is no o in font nullfont!
Missing character: There is no r in font nullfont!
Missing character: There is no m in font nullfont!
Missing character: There is no u in font nullfont!
Missing character: There is no l in font nullfont!
Missing character: There is no a in font nullfont!
Missing character: There is no , in font nullfont!
Missing character: There is no c in font nullfont!
Missing character: There is no r in font nullfont!
Missing character: There is no o in font nullfont!
Missing character: There is no s in font nullfont!
Missing character: There is no s in font nullfont!
Missing character: There is no w in font nullfont!
Missing character: There is no i in font nullfont!
Missing character: There is no s in font nullfont!
Missing character: There is no e in font nullfont!
Missing character: There is no , in font nullfont!
Missing character: There is no a in font nullfont!
Missing character: There is no n in font nullfont!
Missing character: There is no c in font nullfont!
Missing character: There is no h in font nullfont!
Missing character: There is no o in font nullfont!
Missing character: There is no r in font nullfont!
Missing character: There is no , in font nullfont!
Missing character: There is no p in font nullfont!
Missing character: There is no , in font nullfont!
Missing character: There is no p in font nullfont!
Missing character: There is no . in font nullfont!
Missing character: There is no p in font nullfont!
Missing character: There is no r in font nullfont!
Missing character: There is no i in font nullfont!
Missing character: There is no m in font nullfont!
Missing character: There is no e in font nullfont!
Missing character: There is no , in font nullfont!
Missing character: There is no d in font nullfont!
Missing character: There is no a in font nullfont!
Missing character: There is no t in font nullfont!
Missing character: There is no a in font nullfont!
Missing character: There is no , in font nullfont!
Missing character: There is no s in font nullfont!
Missing character: There is no t in font nullfont!
Missing character: There is no a in font nullfont!
Missing character: There is no r in font nullfont!
Missing character: There is no t in font nullfont!
Missing character: There is no = in font nullfont!
Missing character: There is no N in font nullfont!
Missing character: There is no U in font nullfont!
Missing character: There is no L in font nullfont!
Missing character: There is no L in font nullfont!
Missing character: There is no , in font nullfont!
Missing character: There is no n in font nullfont!
Missing character: There is no . in font nullfont!
Missing character: There is no s in font nullfont!
Missing character: There is no t in font nullfont!
Missing character: There is no a in font nullfont!
Missing character: There is no r in font nullfont!
Missing character: There is no t in font nullfont!
Missing character: There is no = in font nullfont!
Missing character: There is no 3 in font nullfont!
Missing character: There is no L in font nullfont!
Missing character: There is no , in font nullfont!
Missing character: There is no c in font nullfont!
Missing character: There is no o in font nullfont!
Missing character: There is no n in font nullfont!
Missing character: There is no t in font nullfont!
Missing character: There is no r in font nullfont!
Missing character: There is no o in font nullfont!
Missing character: There is no l in font nullfont!
Missing character: There is no = in font nullfont!
Missing character: There is no l in font nullfont!
Missing character: There is no i in font nullfont!
Missing character: There is no s in font nullfont!
Missing character: There is no t in font nullfont!
Missing character: There is no ( in font nullfont!
Missing character: There is no ) in font nullfont!
Missing character: There is no ) in font nullfont!
Missing character: There is no c in font nullfont!
Missing character: There is no m in font nullfont!
Missing character: There is no r in font nullfont!
Missing character: There is no e in font nullfont!
Missing character: There is no g in font nullfont!
Missing character: There is no . in font nullfont!
Missing character: There is no p in font nullfont!
Missing character: There is no ( in font nullfont!
Missing character: There is no . in font nullfont!
Missing character: There is no . in font nullfont!
Missing character: There is no . in font nullfont!
Missing character: There is no ) in font nullfont!
Missing character: There is no f in font nullfont!
Missing character: There is no o in font nullfont!
Missing character: There is no r in font nullfont!
Missing character: There is no m in font nullfont!
Missing character: There is no u in font nullfont!
Missing character: There is no l in font nullfont!
Missing character: There is no a in font nullfont!
Missing character: There is no f in font nullfont!
Missing character: There is no o in font nullfont!
Missing character: There is no r in font nullfont!
Missing character: There is no m in font nullfont!
Missing character: There is no u in font nullfont!
Missing character: There is no l in font nullfont!
Missing character: There is no a in font nullfont!
Missing character: There is no c in font nullfont!
Missing character: There is no r in font nullfont!
Missing character: There is no o in font nullfont!
Missing character: There is no s in font nullfont!
Missing character: There is no s in font nullfont!
Missing character: There is no w in font nullfont!
Missing character: There is no i in font nullfont!
Missing character: There is no s in font nullfont!
Missing character: There is no e in font nullfont!
Missing character: There is no c in font nullfont!
Missing character: There is no r in font nullfont!
Missing character: There is no o in font nullfont!
Missing character: There is no s in font nullfont!
Missing character: There is no s in font nullfont!
Missing character: There is no w in font nullfont!
Missing character: There is no i in font nullfont!
Missing character: There is no s in font nullfont!
Missing character: There is no e in font nullfont!
Missing character: There is no a in font nullfont!
Missing character: There is no n in font nullfont!
Missing character: There is no c in font nullfont!
Missing character: There is no h in font nullfont!
Missing character: There is no o in font nullfont!
Missing character: There is no r in font nullfont!
Missing character: There is no a in font nullfont!
Missing character: There is no n in font nullfont!
Missing character: There is no c in font nullfont!
Missing character: There is no h in font nullfont!
Missing character: There is no o in font nullfont!
Missing character: There is no r in font nullfont!
Missing character: There is no p in font nullfont!
Missing character: There is no p in font nullfont!
Missing character: There is no p in font nullfont!
Missing character: There is no . in font nullfont!
Missing character: There is no p in font nullfont!
Missing character: There is no r in font nullfont!
Missing character: There is no i in font nullfont!
Missing character: There is no m in font nullfont!
Missing character: There is no e in font nullfont!
Missing character: There is no p in font nullfont!
Missing character: There is no . in font nullfont!
Missing character: There is no p in font nullfont!
Missing character: There is no r in font nullfont!
Missing character: There is no i in font nullfont!
Missing character: There is no m in font nullfont!
Missing character: There is no e in font nullfont!
Missing character: There is no d in font nullfont!
Missing character: There is no a in font nullfont!
Missing character: There is no t in font nullfont!
Missing character: There is no a in font nullfont!
Missing character: There is no d in font nullfont!
Missing character: There is no a in font nullfont!
Missing character: There is no t in font nullfont!
Missing character: There is no a in font nullfont!
Missing character: There is no s in font nullfont!
Missing character: There is no t in font nullfont!
Missing character: There is no a in font nullfont!
Missing character: There is no r in font nullfont!
Missing character: There is no t in font nullfont!
Missing character: There is no s in font nullfont!
Missing character: There is no t in font nullfont!
Missing character: There is no a in font nullfont!
Missing character: There is no r in font nullfont!
Missing character: There is no t in font nullfont!
Missing character: There is no n in font nullfont!
Missing character: There is no . in font nullfont!
Missing character: There is no s in font nullfont!
Missing character: There is no t in font nullfont!
Missing character: There is no a in font nullfont!
Missing character: There is no r in font nullfont!
Missing character: There is no t in font nullfont!
Missing character: There is no n in font nullfont!
Missing character: There is no . in font nullfont!
Missing character: There is no s in font nullfont!
Missing character: There is no t in font nullfont!
Missing character: There is no a in font nullfont!
Missing character: There is no r in font nullfont!
Missing character: There is no t in font nullfont!
Missing character: There is no c in font nullfont!
Missing character: There is no o in font nullfont!
Missing character: There is no n in font nullfont!
Missing character: There is no t in font nullfont!
Missing character: There is no r in font nullfont!
Missing character: There is no o in font nullfont!
Missing character: There is no l in font nullfont!
Missing character: There is no c in font nullfont!
Missing character: There is no o in font nullfont!
Missing character: There is no n in font nullfont!
Missing character: There is no t in font nullfont!
Missing character: There is no r in font nullfont!
Missing character: There is no o in font nullfont!
Missing character: There is no l in font nullfont!
[11]
Missing character: There is no . in font nullfont!
Missing character: There is no . in font nullfont!
Missing character: There is no . in font nullfont!
Missing character: There is no . in font nullfont!
Missing character: There is no . in font nullfont!
Missing character: There is no . in font nullfont!
Missing character: There is no c in font nullfont!
Missing character: There is no m in font nullfont!
Missing character: There is no r in font nullfont!
Missing character: There is no e in font nullfont!
Missing character: There is no g in font nullfont!
Missing character: There is no _ in font nullfont!
Missing character: There is no p in font nullfont!
Missing character: There is no ( in font nullfont!
Missing character: There is no ) in font nullfont!
Missing character: There is no m in font nullfont!
Missing character: There is no 2 in font nullfont!
Missing character: There is no < in font nullfont!
Missing character: There is no - in font nullfont!
Missing character: There is no c in font nullfont!
Missing character: There is no m in font nullfont!
Missing character: There is no r in font nullfont!
Missing character: There is no e in font nullfont!
Missing character: There is no g in font nullfont!
Missing character: There is no _ in font nullfont!
Missing character: There is no p in font nullfont!
Missing character: There is no ( in font nullfont!
Missing character: There is no V in font nullfont!
Missing character: There is no ~ in font nullfont!
Missing character: There is no a in font nullfont!
Missing character: There is no g in font nullfont!
Missing character: There is no e in font nullfont!
Missing character: There is no + in font nullfont!
Missing character: There is no f in font nullfont!
Missing character: There is no e in font nullfont!
Missing character: There is no m in font nullfont!
Missing character: There is no a in font nullfont!
Missing character: There is no l in font nullfont!
Missing character: There is no e in font nullfont!
Missing character: There is no , in font nullfont!
Missing character: There is no c in font nullfont!
Missing character: There is no r in font nullfont!
Missing character: There is no o in font nullfont!
Missing character: There is no s in font nullfont!
Missing character: There is no s in font nullfont!
Missing character: There is no w in font nullfont!
Missing character: There is no i in font nullfont!
Missing character: There is no s in font nullfont!
Missing character: There is no e in font nullfont!
Missing character: There is no = in font nullfont!
Missing character: There is no Y in font nullfont!
Missing character: There is no , in font nullfont!
Missing character: There is no a in font nullfont!
Missing character: There is no n in font nullfont!
Missing character: There is no c in font nullfont!
Missing character: There is no h in font nullfont!
Missing character: There is no o in font nullfont!
Missing character: There is no r in font nullfont!
Missing character: There is no = in font nullfont!
Missing character: There is no A in font nullfont!
Missing character: There is no , in font nullfont!
Missing character: There is no p in font nullfont!
Missing character: There is no = in font nullfont!
Missing character: There is no 0 in font nullfont!
Missing character: There is no . in font nullfont!
Missing character: There is no 1 in font nullfont!
Missing character: There is no , in font nullfont!
Missing character: There is no p in font nullfont!
Missing character: There is no . in font nullfont!
Missing character: There is no p in font nullfont!
Missing character: There is no r in font nullfont!
Missing character: There is no i in font nullfont!
Missing character: There is no m in font nullfont!
Missing character: There is no e in font nullfont!
Missing character: There is no = in font nullfont!
Missing character: There is no 0 in font nullfont!
Missing character: There is no . in font nullfont!
Missing character: There is no 1 in font nullfont!
Missing character: There is no 5 in font nullfont!
Missing character: There is no , in font nullfont!
Missing character: There is no d in font nullfont!
Missing character: There is no a in font nullfont!
Missing character: There is no t in font nullfont!
Missing character: There is no a in font nullfont!
Missing character: There is no = in font nullfont!
Missing character: There is no c in font nullfont!
Missing character: There is no m in font nullfont!
Missing character: There is no d in font nullfont!
Missing character: There is no a in font nullfont!
Missing character: There is no t in font nullfont!
Missing character: There is no a in font nullfont!
Missing character: There is no 3 in font nullfont!
Missing character: There is no ) in font nullfont!
Missing character: There is no m in font nullfont!
Missing character: There is no 2 in font nullfont!
Missing character: There is no s in font nullfont!
Missing character: There is no i in font nullfont!
Missing character: There is no m in font nullfont!
Missing character: There is no _ in font nullfont!
Missing character: There is no c in font nullfont!
Missing character: There is no w in font nullfont!
Missing character: There is no d in font nullfont!
Missing character: There is no a in font nullfont!
Missing character: There is no t in font nullfont!
Missing character: There is no a in font nullfont!
Missing character: There is no s in font nullfont!
Missing character: There is no i in font nullfont!
Missing character: There is no m in font nullfont!
Missing character: There is no _ in font nullfont!
Missing character: There is no c in font nullfont!
Missing character: There is no w in font nullfont!
Missing character: There is no d in font nullfont!
Missing character: There is no a in font nullfont!
Missing character: There is no t in font nullfont!
Missing character: There is no a in font nullfont!
Missing character: There is no s in font nullfont!
Missing character: There is no i in font nullfont!
Missing character: There is no m in font nullfont!
Missing character: There is no _ in font nullfont!
Missing character: There is no c in font nullfont!
Missing character: There is no w in font nullfont!
Missing character: There is no d in font nullfont!
Missing character: There is no a in font nullfont!
Missing character: There is no t in font nullfont!
Missing character: There is no a in font nullfont!
Missing character: There is no ( in font nullfont!
Missing character: There is no N in font nullfont!
Missing character: There is no . in font nullfont!
Missing character: There is no s in font nullfont!
Missing character: There is no i in font nullfont!
Missing character: There is no m in font nullfont!
Missing character: There is no = in font nullfont!
Missing character: There is no 5 in font nullfont!
Missing character: There is no 0 in font nullfont!
Missing character: There is no 0 in font nullfont!
Missing character: There is no , in font nullfont!
Missing character: There is no s in font nullfont!
Missing character: There is no a in font nullfont!
Missing character: There is no m in font nullfont!
Missing character: There is no p in font nullfont!
Missing character: There is no l in font nullfont!
Missing character: There is no e in font nullfont!
Missing character: There is no , in font nullfont!
Missing character: There is no p in font nullfont!
Missing character: There is no r in font nullfont!
Missing character: There is no e in font nullfont!
Missing character: There is no v in font nullfont!
Missing character: There is no a in font nullfont!
Missing character: There is no l in font nullfont!
Missing character: There is no e in font nullfont!
Missing character: There is no n in font nullfont!
Missing character: There is no c in font nullfont!
Missing character: There is no e in font nullfont!
Missing character: There is no , in font nullfont!
Missing character: There is no p in font nullfont!
Missing character: There is no , in font nullfont!
Missing character: There is no p in font nullfont!
Missing character: There is no . in font nullfont!
Missing character: There is no p in font nullfont!
Missing character: There is no r in font nullfont!
Missing character: There is no i in font nullfont!
Missing character: There is no m in font nullfont!
Missing character: There is no e in font nullfont!
Missing character: There is no , in font nullfont!
[12]
Missing character: There is no g in font nullfont!
Missing character: There is no a in font nullfont!
Missing character: There is no m in font nullfont!
Missing character: There is no m in font nullfont!
Missing character: There is no a in font nullfont!
Missing character: There is no , in font nullfont!
Missing character: There is no d in font nullfont!
Missing character: There is no i in font nullfont!
Missing character: There is no r in font nullfont!
Missing character: There is no e in font nullfont!
Missing character: There is no c in font nullfont!
Missing character: There is no t in font nullfont!
Missing character: There is no , in font nullfont!
Missing character: There is no v in font nullfont!
Missing character: There is no e in font nullfont!
Missing character: There is no r in font nullfont!
Missing character: There is no b in font nullfont!
Missing character: There is no o in font nullfont!
Missing character: There is no s in font nullfont!
Missing character: There is no e in font nullfont!
Missing character: There is no = in font nullfont!
Missing character: There is no T in font nullfont!
Missing character: There is no R in font nullfont!
Missing character: There is no U in font nullfont!
Missing character: There is no E in font nullfont!
Missing character: There is no ) in font nullfont!
Missing character: There is no s in font nullfont!
Missing character: There is no i in font nullfont!
Missing character: There is no m in font nullfont!
Missing character: There is no . in font nullfont!
Missing character: There is no c in font nullfont!
Missing character: There is no w in font nullfont!
Missing character: There is no d in font nullfont!
Missing character: There is no a in font nullfont!
Missing character: There is no t in font nullfont!
Missing character: There is no a in font nullfont!
Missing character: There is no ( in font nullfont!
Missing character: There is no . in font nullfont!
Missing character: There is no . in font nullfont!
Missing character: There is no . in font nullfont!
Missing character: There is no ) in font nullfont!
Missing character: There is no N in font nullfont!
Missing character: There is no . in font nullfont!
Missing character: There is no s in font nullfont!
Missing character: There is no i in font nullfont!
Missing character: There is no m in font nullfont!
Missing character: There is no N in font nullfont!
Missing character: There is no . in font nullfont!
Missing character: There is no s in font nullfont!
Missing character: There is no i in font nullfont!
Missing character: There is no m in font nullfont!
Missing character: There is no s in font nullfont!
Missing character: There is no a in font nullfont!
Missing character: There is no m in font nullfont!
Missing character: There is no p in font nullfont!
Missing character: There is no l in font nullfont!
Missing character: There is no e in font nullfont!
Missing character: There is no s in font nullfont!
Missing character: There is no a in font nullfont!
Missing character: There is no m in font nullfont!
Missing character: There is no p in font nullfont!
Missing character: There is no l in font nullfont!
Missing character: There is no e in font nullfont!
Missing character: There is no p in font nullfont!
Missing character: There is no r in font nullfont!
Missing character: There is no e in font nullfont!
Missing character: There is no v in font nullfont!
Missing character: There is no a in font nullfont!
Missing character: There is no l in font nullfont!
Missing character: There is no e in font nullfont!
Missing character: There is no n in font nullfont!
Missing character: There is no c in font nullfont!
Missing character: There is no e in font nullfont!
Missing character: There is no p in font nullfont!
Missing character: There is no r in font nullfont!
Missing character: There is no e in font nullfont!
Missing character: There is no v in font nullfont!
Missing character: There is no a in font nullfont!
Missing character: There is no l in font nullfont!
Missing character: There is no e in font nullfont!
Missing character: There is no n in font nullfont!
Missing character: There is no c in font nullfont!
Missing character: There is no e in font nullfont!
Missing character: There is no p in font nullfont!
Missing character: There is no p in font nullfont!
Missing character: There is no p in font nullfont!
Missing character: There is no . in font nullfont!
Missing character: There is no p in font nullfont!
Missing character: There is no r in font nullfont!
Missing character: There is no i in font nullfont!
Missing character: There is no m in font nullfont!
Missing character: There is no e in font nullfont!
Missing character: There is no p in font nullfont!
Missing character: There is no . in font nullfont!
Missing character: There is no p in font nullfont!
Missing character: There is no r in font nullfont!
Missing character: There is no i in font nullfont!
Missing character: There is no m in font nullfont!
Missing character: There is no e in font nullfont!
Missing character: There is no g in font nullfont!
Missing character: There is no a in font nullfont!
Missing character: There is no m in font nullfont!
Missing character: There is no m in font nullfont!
Missing character: There is no a in font nullfont!
Missing character: There is no g in font nullfont!
Missing character: There is no a in font nullfont!
Missing character: There is no m in font nullfont!
Missing character: There is no m in font nullfont!
Missing character: There is no a in font nullfont!
Missing character: There is no d in font nullfont!
Missing character: There is no i in font nullfont!
Missing character: There is no r in font nullfont!
Missing character: There is no e in font nullfont!
Missing character: There is no c in font nullfont!
Missing character: There is no t in font nullfont!
Missing character: There is no d in font nullfont!
Missing character: There is no i in font nullfont!
Missing character: There is no r in font nullfont!
Missing character: There is no e in font nullfont!
Missing character: There is no c in font nullfont!
Missing character: There is no t in font nullfont!
Missing character: There is no v in font nullfont!
Missing character: There is no e in font nullfont!
Missing character: There is no r in font nullfont!
Missing character: There is no b in font nullfont!
Missing character: There is no o in font nullfont!
Missing character: There is no s in font nullfont!
Missing character: There is no e in font nullfont!
Missing character: There is no v in font nullfont!
Missing character: There is no e in font nullfont!
Missing character: There is no r in font nullfont!
Missing character: There is no b in font nullfont!
Missing character: There is no o in font nullfont!
Missing character: There is no s in font nullfont!
Missing character: There is no e in font nullfont!
Missing character: There is no . in font nullfont!
Missing character: There is no . in font nullfont!
Missing character: There is no . in font nullfont!
Missing character: There is no . in font nullfont!
Missing character: There is no . in font nullfont!
Missing character: There is no . in font nullfont!
Missing character: There is no s in font nullfont!
Missing character: There is no i in font nullfont!
Missing character: There is no m in font nullfont!
Missing character: There is no _ in font nullfont!
Missing character: There is no c in font nullfont!
Missing character: There is no w in font nullfont!
Missing character: There is no d in font nullfont!
Missing character: There is no a in font nullfont!
Missing character: There is no t in font nullfont!
Missing character: There is no a in font nullfont!
Missing character: There is no ( in font nullfont!
Missing character: There is no ) in font nullfont!
[13]
Missing character: There is no # in font nullfont!
Missing character: There is no # in font nullfont!
Missing character: There is no N in font nullfont!
Missing character: There is no o in font nullfont!
Missing character: There is no t in font nullfont!
Missing character: There is no r in font nullfont!
Missing character: There is no u in font nullfont!
Missing character: There is no n in font nullfont!
Missing character: There is no : in font nullfont!
Missing character: There is no # in font nullfont!
Missing character: There is no B in font nullfont!
Missing character: There is no a in font nullfont!
Missing character: There is no s in font nullfont!
Missing character: There is no i in font nullfont!
Missing character: There is no c in font nullfont!
Missing character: There is no u in font nullfont!
Missing character: There is no s in font nullfont!
Missing character: There is no a in font nullfont!
Missing character: There is no g in font nullfont!
Missing character: There is no e in font nullfont!
Missing character: There is no r in font nullfont!
Missing character: There is no e in font nullfont!
Missing character: There is no s in font nullfont!
Missing character: There is no u in font nullfont!
Missing character: There is no l in font nullfont!
Missing character: There is no t in font nullfont!
Missing character: There is no < in font nullfont!
Missing character: There is no - in font nullfont!
Missing character: There is no s in font nullfont!
Missing character: There is no i in font nullfont!
Missing character: There is no m in font nullfont!
Missing character: There is no _ in font nullfont!
Missing character: There is no c in font nullfont!
Missing character: There is no w in font nullfont!
Missing character: There is no d in font nullfont!
Missing character: There is no a in font nullfont!
Missing character: There is no t in font nullfont!
Missing character: There is no a in font nullfont!
Missing character: There is no ( in font nullfont!
Missing character: There is no N in font nullfont!
Missing character: There is no . in font nullfont!
Missing character: There is no s in font nullfont!
Missing character: There is no i in font nullfont!
Missing character: There is no m in font nullfont!
Missing character: There is no = in font nullfont!
Missing character: There is no 1 in font nullfont!
Missing character: There is no 0 in font nullfont!
Missing character: There is no 0 in font nullfont!
Missing character: There is no , in font nullfont!
Missing character: There is no s in font nullfont!
Missing character: There is no a in font nullfont!
Missing character: There is no m in font nullfont!
Missing character: There is no p in font nullfont!
Missing character: There is no l in font nullfont!
Missing character: There is no e in font nullfont!
Missing character: There is no = in font nullfont!
Missing character: There is no 5 in font nullfont!
Missing character: There is no 0 in font nullfont!
Missing character: There is no 0 in font nullfont!
Missing character: There is no , in font nullfont!
Missing character: There is no p in font nullfont!
Missing character: There is no r in font nullfont!
Missing character: There is no e in font nullfont!
Missing character: There is no v in font nullfont!
Missing character: There is no a in font nullfont!
Missing character: There is no l in font nullfont!
Missing character: There is no e in font nullfont!
Missing character: There is no n in font nullfont!
Missing character: There is no c in font nullfont!
Missing character: There is no e in font nullfont!
Missing character: There is no = in font nullfont!
Missing character: There is no 0 in font nullfont!
Missing character: There is no . in font nullfont!
Missing character: There is no 1 in font nullfont!
Missing character: There is no , in font nullfont!
Missing character: There is no p in font nullfont!
Missing character: There is no = in font nullfont!
Missing character: There is no 0 in font nullfont!
Missing character: There is no . in font nullfont!
Missing character: There is no 1 in font nullfont!
Missing character: There is no , in font nullfont!
Missing character: There is no p in font nullfont!
Missing character: There is no . in font nullfont!
Missing character: There is no p in font nullfont!
Missing character: There is no r in font nullfont!
Missing character: There is no i in font nullfont!
Missing character: There is no m in font nullfont!
Missing character: There is no e in font nullfont!
Missing character: There is no = in font nullfont!
Missing character: There is no 0 in font nullfont!
Missing character: There is no . in font nullfont!
Missing character: There is no 1 in font nullfont!
Missing character: There is no , in font nullfont!
Missing character: There is no g in font nullfont!
Missing character: There is no a in font nullfont!
Missing character: There is no m in font nullfont!
Missing character: There is no m in font nullfont!
Missing character: There is no a in font nullfont!
Missing character: There is no = in font nullfont!
Missing character: There is no 0 in font nullfont!
Missing character: There is no . in font nullfont!
Missing character: There is no 8 in font nullfont!
Missing character: There is no , in font nullfont!
Missing character: There is no d in font nullfont!
Missing character: There is no i in font nullfont!
Missing character: There is no r in font nullfont!
Missing character: There is no e in font nullfont!
Missing character: There is no c in font nullfont!
Missing character: There is no t in font nullfont!
Missing character: There is no = in font nullfont!
Missing character: There is no 0 in font nullfont!
Missing character: There is no . in font nullfont!
Missing character: There is no 0 in font nullfont!
Missing character: There is no 5 in font nullfont!
Missing character: There is no ) in font nullfont!
Missing character: There is no p in font nullfont!
Missing character: There is no r in font nullfont!
Missing character: There is no i in font nullfont!
Missing character: There is no n in font nullfont!
Missing character: There is no t in font nullfont!
Missing character: There is no ( in font nullfont!
Missing character: There is no r in font nullfont!
Missing character: There is no e in font nullfont!
Missing character: There is no s in font nullfont!
Missing character: There is no u in font nullfont!
Missing character: There is no l in font nullfont!
Missing character: There is no t in font nullfont!
Missing character: There is no $ in font nullfont!
Missing character: There is no R in font nullfont!
Missing character: There is no e in font nullfont!
Missing character: There is no s in font nullfont!
Missing character: There is no u in font nullfont!
Missing character: There is no l in font nullfont!
Missing character: There is no t in font nullfont!
Missing character: There is no s in font nullfont!
Missing character: There is no ) in font nullfont!
Missing character: There is no # in font nullfont!
Missing character: There is no # in font nullfont!
Missing character: There is no E in font nullfont!
Missing character: There is no n in font nullfont!
Missing character: There is no d in font nullfont!
Missing character: There is no ( in font nullfont!
Missing character: There is no N in font nullfont!
Missing character: There is no o in font nullfont!
Missing character: There is no t in font nullfont!
Missing character: There is no r in font nullfont!
Missing character: There is no u in font nullfont!
Missing character: There is no n in font nullfont!
Missing character: There is no ) in font nullfont!
Missing character: There is no s in font nullfont!
Missing character: There is no i in font nullfont!
Missing character: There is no m in font nullfont!
Missing character: There is no _ in font nullfont!
Missing character: There is no e in font nullfont!
Missing character: There is no s in font nullfont!
Missing character: There is no t in font nullfont!
Missing character: There is no i in font nullfont!
Missing character: There is no m in font nullfont!
Missing character: There is no a in font nullfont!
Missing character: There is no t in font nullfont!
Missing character: There is no e in font nullfont!
Missing character: There is no s in font nullfont!
Missing character: There is no s in font nullfont!
Missing character: There is no i in font nullfont!
Missing character: There is no m in font nullfont!
Missing character: There is no _ in font nullfont!
Missing character: There is no e in font nullfont!
Missing character: There is no s in font nullfont!
Missing character: There is no t in font nullfont!
Missing character: There is no i in font nullfont!
Missing character: There is no m in font nullfont!
Missing character: There is no a in font nullfont!
Missing character: There is no t in font nullfont!
Missing character: There is no e in font nullfont!
Missing character: There is no s in font nullfont!
Missing character: There is no s in font nullfont!
Missing character: There is no i in font nullfont!
Missing character: There is no m in font nullfont!
Missing character: There is no _ in font nullfont!
Missing character: There is no e in font nullfont!
Missing character: There is no s in font nullfont!
Missing character: There is no t in font nullfont!
Missing character: There is no i in font nullfont!
Missing character: There is no m in font nullfont!
Missing character: There is no a in font nullfont!
Missing character: There is no t in font nullfont!
Missing character: There is no e in font nullfont!
Missing character: There is no s in font nullfont!
Missing character: There is no ( in font nullfont!
Missing character: There is no N in font nullfont!
Missing character: There is no . in font nullfont!
Missing character: There is no s in font nullfont!
Missing character: There is no i in font nullfont!
Missing character: There is no m in font nullfont!
Missing character: There is no = in font nullfont!
Missing character: There is no 1 in font nullfont!
Missing character: There is no 0 in font nullfont!
Missing character: There is no 0 in font nullfont!
Missing character: There is no , in font nullfont!
Missing character: There is no s in font nullfont!
Missing character: There is no a in font nullfont!
Missing character: There is no m in font nullfont!
Missing character: There is no p in font nullfont!
Missing character: There is no l in font nullfont!
Missing character: There is no e in font nullfont!
Missing character: There is no , in font nullfont!
Missing character: There is no p in font nullfont!
Missing character: There is no r in font nullfont!
Missing character: There is no e in font nullfont!
Missing character: There is no v in font nullfont!
Missing character: There is no a in font nullfont!
Missing character: There is no l in font nullfont!
Missing character: There is no e in font nullfont!
Missing character: There is no n in font nullfont!
Missing character: There is no c in font nullfont!
Missing character: There is no e in font nullfont!
Missing character: There is no , in font nullfont!
Missing character: There is no p in font nullfont!
Missing character: There is no , in font nullfont!
Missing character: There is no p in font nullfont!
Missing character: There is no . in font nullfont!
Missing character: There is no p in font nullfont!
Missing character: There is no r in font nullfont!
Missing character: There is no i in font nullfont!
Missing character: There is no m in font nullfont!
Missing character: There is no e in font nullfont!
Missing character: There is no , in font nullfont!
Missing character: There is no g in font nullfont!
Missing character: There is no a in font nullfont!
Missing character: There is no m in font nullfont!
Missing character: There is no m in font nullfont!
Missing character: There is no a in font nullfont!
Missing character: There is no , in font nullfont!
Missing character: There is no d in font nullfont!
Missing character: There is no i in font nullfont!
Missing character: There is no r in font nullfont!
Missing character: There is no e in font nullfont!
Missing character: There is no c in font nullfont!
Missing character: There is no t in font nullfont!
Missing character: There is no , in font nullfont!
Missing character: There is no t in font nullfont!
Missing character: There is no x in font nullfont!
Missing character: There is no c in font nullfont!
Missing character: There is no o in font nullfont!
Missing character: There is no l in font nullfont!
Missing character: There is no = in font nullfont!
Missing character: There is no " in font nullfont!
Missing character: There is no d in font nullfont!
Missing character: There is no i in font nullfont!
Missing character: There is no m in font nullfont!
Missing character: There is no g in font nullfont!
Missing character: There is no r in font nullfont!
Missing character: There is no a in font nullfont!
Missing character: There is no y in font nullfont!
Missing character: There is no " in font nullfont!
Missing character: There is no , in font nullfont!
[14]
Missing character: There is no s in font nullfont!
Missing character: There is no i in font nullfont!
Missing character: There is no m in font nullfont!
Missing character: There is no . in font nullfont!
Missing character: There is no r in font nullfont!
Missing character: There is no e in font nullfont!
Missing character: There is no s in font nullfont!
Missing character: There is no u in font nullfont!
Missing character: There is no l in font nullfont!
Missing character: There is no t in font nullfont!
Missing character: There is no s in font nullfont!
Missing character: There is no = in font nullfont!
Missing character: There is no N in font nullfont!
Missing character: There is no U in font nullfont!
Missing character: There is no L in font nullfont!
Missing character: There is no L in font nullfont!
Missing character: There is no , in font nullfont!
Missing character: There is no v in font nullfont!
Missing character: There is no e in font nullfont!
Missing character: There is no r in font nullfont!
Missing character: There is no b in font nullfont!
Missing character: There is no o in font nullfont!
Missing character: There is no s in font nullfont!
Missing character: There is no e in font nullfont!
Missing character: There is no = in font nullfont!
Missing character: There is no T in font nullfont!
Missing character: There is no R in font nullfont!
Missing character: There is no U in font nullfont!
Missing character: There is no E in font nullfont!
Missing character: There is no ) in font nullfont!
Missing character: There is no s in font nullfont!
Missing character: There is no i in font nullfont!
Missing character: There is no m in font nullfont!
Missing character: There is no . in font nullfont!
Missing character: There is no e in font nullfont!
Missing character: There is no s in font nullfont!
Missing character: There is no t in font nullfont!
Missing character: There is no i in font nullfont!
Missing character: There is no m in font nullfont!
Missing character: There is no a in font nullfont!
Missing character: There is no t in font nullfont!
Missing character: There is no e in font nullfont!
Missing character: There is no s in font nullfont!
Missing character: There is no ( in font nullfont!
Missing character: There is no . in font nullfont!
Missing character: There is no . in font nullfont!
Missing character: There is no . in font nullfont!
Missing character: There is no ) in font nullfont!
Missing character: There is no N in font nullfont!
Missing character: There is no . in font nullfont!
Missing character: There is no s in font nullfont!
Missing character: There is no i in font nullfont!
Missing character: There is no m in font nullfont!
Missing character: There is no N in font nullfont!
Missing character: There is no . in font nullfont!
Missing character: There is no s in font nullfont!
Missing character: There is no i in font nullfont!
Missing character: There is no m in font nullfont!
Missing character: There is no s in font nullfont!
Missing character: There is no a in font nullfont!
Missing character: There is no m in font nullfont!
Missing character: There is no p in font nullfont!
Missing character: There is no l in font nullfont!
Missing character: There is no e in font nullfont!
Missing character: There is no s in font nullfont!
Missing character: There is no a in font nullfont!
Missing character: There is no m in font nullfont!
Missing character: There is no p in font nullfont!
Missing character: There is no l in font nullfont!
Missing character: There is no e in font nullfont!
Missing character: There is no p in font nullfont!
Missing character: There is no r in font nullfont!
Missing character: There is no e in font nullfont!
Missing character: There is no v in font nullfont!
Missing character: There is no a in font nullfont!
Missing character: There is no l in font nullfont!
Missing character: There is no e in font nullfont!
Missing character: There is no n in font nullfont!
Missing character: There is no c in font nullfont!
Missing character: There is no e in font nullfont!
Missing character: There is no p in font nullfont!
Missing character: There is no r in font nullfont!
Missing character: There is no e in font nullfont!
Missing character: There is no v in font nullfont!
Missing character: There is no a in font nullfont!
Missing character: There is no l in font nullfont!
Missing character: There is no e in font nullfont!
Missing character: There is no n in font nullfont!
Missing character: There is no c in font nullfont!
Missing character: There is no e in font nullfont!
Missing character: There is no p in font nullfont!
Missing character: There is no p in font nullfont!
Missing character: There is no p in font nullfont!
Missing character: There is no . in font nullfont!
Missing character: There is no p in font nullfont!
Missing character: There is no r in font nullfont!
Missing character: There is no i in font nullfont!
Missing character: There is no m in font nullfont!
Missing character: There is no e in font nullfont!
Missing character: There is no p in font nullfont!
Missing character: There is no . in font nullfont!
Missing character: There is no p in font nullfont!
Missing character: There is no r in font nullfont!
Missing character: There is no i in font nullfont!
Missing character: There is no m in font nullfont!
Missing character: There is no e in font nullfont!
Missing character: There is no g in font nullfont!
Missing character: There is no a in font nullfont!
Missing character: There is no m in font nullfont!
Missing character: There is no m in font nullfont!
Missing character: There is no a in font nullfont!
Missing character: There is no g in font nullfont!
Missing character: There is no a in font nullfont!
Missing character: There is no m in font nullfont!
Missing character: There is no m in font nullfont!
Missing character: There is no a in font nullfont!
Missing character: There is no d in font nullfont!
Missing character: There is no i in font nullfont!
Missing character: There is no r in font nullfont!
Missing character: There is no e in font nullfont!
Missing character: There is no c in font nullfont!
Missing character: There is no t in font nullfont!
Missing character: There is no d in font nullfont!
Missing character: There is no i in font nullfont!
Missing character: There is no r in font nullfont!
Missing character: There is no e in font nullfont!
Missing character: There is no c in font nullfont!
Missing character: There is no t in font nullfont!
Missing character: There is no t in font nullfont!
Missing character: There is no x in font nullfont!
Missing character: There is no c in font nullfont!
Missing character: There is no o in font nullfont!
Missing character: There is no l in font nullfont!
Missing character: There is no t in font nullfont!
Missing character: There is no x in font nullfont!
Missing character: There is no c in font nullfont!
Missing character: There is no o in font nullfont!
Missing character: There is no l in font nullfont!
Missing character: There is no " in font nullfont!
Missing character: There is no d in font nullfont!
Missing character: There is no i in font nullfont!
Missing character: There is no m in font nullfont!
Missing character: There is no g in font nullfont!
Missing character: There is no r in font nullfont!
Missing character: There is no a in font nullfont!
Missing character: There is no y in font nullfont!
Missing character: There is no " in font nullfont!
Missing character: There is no s in font nullfont!
Missing character: There is no i in font nullfont!
Missing character: There is no m in font nullfont!
Missing character: There is no . in font nullfont!
Missing character: There is no r in font nullfont!
Missing character: There is no e in font nullfont!
Missing character: There is no s in font nullfont!
Missing character: There is no u in font nullfont!
Missing character: There is no l in font nullfont!
Missing character: There is no t in font nullfont!
Missing character: There is no s in font nullfont!
Missing character: There is no s in font nullfont!
Missing character: There is no i in font nullfont!
Missing character: There is no m in font nullfont!
Missing character: There is no . in font nullfont!
Missing character: There is no r in font nullfont!
Missing character: There is no e in font nullfont!
Missing character: There is no s in font nullfont!
Missing character: There is no u in font nullfont!
Missing character: There is no l in font nullfont!
Missing character: There is no t in font nullfont!
Missing character: There is no s in font nullfont!
Missing character: There is no s in font nullfont!
Missing character: There is no i in font nullfont!
Missing character: There is no m in font nullfont!
Missing character: There is no _ in font nullfont!
Missing character: There is no c in font nullfont!
Missing character: There is no w in font nullfont!
Missing character: There is no d in font nullfont!
Missing character: There is no a in font nullfont!
Missing character: There is no t in font nullfont!
Missing character: There is no a in font nullfont!
Missing character: There is no N in font nullfont!
Missing character: There is no U in font nullfont!
Missing character: There is no L in font nullfont!
Missing character: There is no L in font nullfont!
Missing character: There is no v in font nullfont!
Missing character: There is no e in font nullfont!
Missing character: There is no r in font nullfont!
Missing character: There is no b in font nullfont!
Missing character: There is no o in font nullfont!
Missing character: There is no s in font nullfont!
Missing character: There is no e in font nullfont!
Missing character: There is no v in font nullfont!
Missing character: There is no e in font nullfont!
Missing character: There is no r in font nullfont!
Missing character: There is no b in font nullfont!
Missing character: There is no o in font nullfont!
Missing character: There is no s in font nullfont!
Missing character: There is no e in font nullfont!
Missing character: There is no s in font nullfont!
Missing character: There is no i in font nullfont!
Missing character: There is no m in font nullfont!
Missing character: There is no _ in font nullfont!
Missing character: There is no c in font nullfont!
Missing character: There is no w in font nullfont!
Missing character: There is no d in font nullfont!
Missing character: There is no a in font nullfont!
Missing character: There is no t in font nullfont!
Missing character: There is no a in font nullfont!
Missing character: There is no ( in font nullfont!
Missing character: There is no ) in font nullfont!
Missing character: There is no T in font nullfont!
Missing character: There is no R in font nullfont!
Missing character: There is no U in font nullfont!
Missing character: There is no E in font nullfont!
Missing character: There is no . in font nullfont!
Missing character: There is no . in font nullfont!
Missing character: There is no . in font nullfont!
Missing character: There is no . in font nullfont!
Missing character: There is no . in font nullfont!
Missing character: There is no . in font nullfont!
Missing character: There is no s in font nullfont!
Missing character: There is no i in font nullfont!
Missing character: There is no m in font nullfont!
Missing character: There is no _ in font nullfont!
Missing character: There is no e in font nullfont!
Missing character: There is no s in font nullfont!
Missing character: There is no t in font nullfont!
Missing character: There is no i in font nullfont!
Missing character: There is no m in font nullfont!
Missing character: There is no a in font nullfont!
Missing character: There is no t in font nullfont!
Missing character: There is no e in font nullfont!
Missing character: There is no s in font nullfont!
Missing character: There is no ( in font nullfont!
Missing character: There is no ) in font nullfont!
Missing character: There is no p in font nullfont!
Missing character: There is no r in font nullfont!
Missing character: There is no e in font nullfont!
Missing character: There is no v in font nullfont!
Missing character: There is no a in font nullfont!
Missing character: There is no l in font nullfont!
Missing character: There is no e in font nullfont!
Missing character: There is no n in font nullfont!
Missing character: There is no c in font nullfont!
Missing character: There is no e in font nullfont!
Missing character: There is no N in font nullfont!
Missing character: There is no . in font nullfont!
Missing character: There is no s in font nullfont!
Missing character: There is no i in font nullfont!
Missing character: There is no m in font nullfont!
Missing character: There is no = in font nullfont!
Missing character: There is no 1 in font nullfont!
Missing character: There is no 0 in font nullfont!
Missing character: There is no 0 in font nullfont!
Missing character: There is no s in font nullfont!
Missing character: There is no i in font nullfont!
Missing character: There is no m in font nullfont!
Missing character: There is no . in font nullfont!
Missing character: There is no r in font nullfont!
Missing character: There is no e in font nullfont!
Missing character: There is no s in font nullfont!
Missing character: There is no u in font nullfont!
Missing character: There is no l in font nullfont!
Missing character: There is no t in font nullfont!
Missing character: There is no s in font nullfont!
Missing character: There is no N in font nullfont!
Missing character: There is no . in font nullfont!
Missing character: There is no s in font nullfont!
Missing character: There is no i in font nullfont!
Missing character: There is no m in font nullfont!
Missing character: There is no s in font nullfont!
Missing character: There is no a in font nullfont!
Missing character: There is no m in font nullfont!
Missing character: There is no p in font nullfont!
Missing character: There is no l in font nullfont!
Missing character: There is no e in font nullfont!
Missing character: There is no p in font nullfont!
Missing character: There is no p in font nullfont!
Missing character: There is no . in font nullfont!
Missing character: There is no p in font nullfont!
Missing character: There is no r in font nullfont!
Missing character: There is no i in font nullfont!
Missing character: There is no m in font nullfont!
Missing character: There is no e in font nullfont!
Missing character: There is no g in font nullfont!
Missing character: There is no a in font nullfont!
Missing character: There is no m in font nullfont!
Missing character: There is no m in font nullfont!
Missing character: There is no a in font nullfont!
Missing character: There is no d in font nullfont!
Missing character: There is no i in font nullfont!
Missing character: There is no r in font nullfont!
Missing character: There is no e in font nullfont!
Missing character: There is no c in font nullfont!
Missing character: There is no t in font nullfont!
Missing character: There is no s in font nullfont!
Missing character: There is no i in font nullfont!
Missing character: There is no m in font nullfont!
Missing character: There is no _ in font nullfont!
Missing character: There is no c in font nullfont!
Missing character: There is no w in font nullfont!
Missing character: There is no d in font nullfont!
Missing character: There is no a in font nullfont!
Missing character: There is no t in font nullfont!
Missing character: There is no a in font nullfont!
Missing character: There is no B in font nullfont!
Missing character: There is no i in font nullfont!
Missing character: There is no a in font nullfont!
Missing character: There is no s in font nullfont!
Missing character: There is no C in font nullfont!
Missing character: There is no o in font nullfont!
Missing character: There is no r in font nullfont!
Missing character: There is no r in font nullfont!
Missing character: There is no e in font nullfont!
Missing character: There is no c in font nullfont!
Missing character: There is no t in font nullfont!
Missing character: There is no E in font nullfont!
Missing character: There is no s in font nullfont!
Missing character: There is no t in font nullfont!
Missing character: There is no B in font nullfont!
Missing character: There is no i in font nullfont!
Missing character: There is no a in font nullfont!
Missing character: There is no s in font nullfont!
Missing character: There is no C in font nullfont!
Missing character: There is no o in font nullfont!
Missing character: There is no r in font nullfont!
Missing character: There is no r in font nullfont!
Missing character: There is no e in font nullfont!
Missing character: There is no c in font nullfont!
Missing character: There is no t in font nullfont!
Missing character: There is no L in font nullfont!
Missing character: There is no o in font nullfont!
Missing character: There is no w in font nullfont!
Missing character: There is no B in font nullfont!
Missing character: There is no i in font nullfont!
Missing character: There is no a in font nullfont!
Missing character: There is no s in font nullfont!
Missing character: There is no C in font nullfont!
Missing character: There is no o in font nullfont!
Missing character: There is no r in font nullfont!
Missing character: There is no r in font nullfont!
Missing character: There is no e in font nullfont!
Missing character: There is no c in font nullfont!
Missing character: There is no t in font nullfont!
Missing character: There is no H in font nullfont!
Missing character: There is no i in font nullfont!
Missing character: There is no g in font nullfont!
Missing character: There is no h in font nullfont!
Missing character: There is no R in font nullfont!
Missing character: There is no e in font nullfont!
Missing character: There is no s in font nullfont!
Missing character: There is no u in font nullfont!
Missing character: There is no l in font nullfont!
Missing character: There is no t in font nullfont!
Missing character: There is no s in font nullfont!
Missing character: There is no s in font nullfont!
Missing character: There is no i in font nullfont!
Missing character: There is no m in font nullfont!
Missing character: There is no _ in font nullfont!
Missing character: There is no c in font nullfont!
Missing character: There is no w in font nullfont!
Missing character: There is no d in font nullfont!
Missing character: There is no a in font nullfont!
Missing character: There is no t in font nullfont!
Missing character: There is no a in font nullfont!
Missing character: There is no # in font nullfont!
Missing character: There is no # in font nullfont!
Missing character: There is no N in font nullfont!
Missing character: There is no o in font nullfont!
Missing character: There is no t in font nullfont!
Missing character: There is no r in font nullfont!
Missing character: There is no u in font nullfont!
Missing character: There is no n in font nullfont!
Missing character: There is no : in font nullfont!
[15]
Missing character: There is no # in font nullfont!
Missing character: There is no R in font nullfont!
Missing character: There is no e in font nullfont!
Missing character: There is no p in font nullfont!
Missing character: There is no l in font nullfont!
Missing character: There is no i in font nullfont!
Missing character: There is no c in font nullfont!
Missing character: There is no a in font nullfont!
Missing character: There is no t in font nullfont!
Missing character: There is no e in font nullfont!
Missing character: There is no P in font nullfont!
Missing character: There is no a in font nullfont!
Missing character: There is no n in font nullfont!
Missing character: There is no e in font nullfont!
Missing character: There is no l in font nullfont!
Missing character: There is no C in font nullfont!
Missing character: There is no o in font nullfont!
Missing character: There is no f in font nullfont!
Missing character: There is no F in font nullfont!
Missing character: There is no i in font nullfont!
Missing character: There is no g in font nullfont!
Missing character: There is no u in font nullfont!
Missing character: There is no r in font nullfont!
Missing character: There is no e in font nullfont!
Missing character: There is no C in font nullfont!
Missing character: There is no 7 in font nullfont!
Missing character: There is no s in font nullfont!
Missing character: There is no i in font nullfont!
Missing character: There is no m in font nullfont!
Missing character: There is no _ in font nullfont!
Missing character: There is no e in font nullfont!
Missing character: There is no s in font nullfont!
Missing character: There is no t in font nullfont!
Missing character: There is no i in font nullfont!
Missing character: There is no m in font nullfont!
Missing character: There is no a in font nullfont!
Missing character: There is no t in font nullfont!
Missing character: There is no e in font nullfont!
Missing character: There is no s in font nullfont!
Missing character: There is no ( in font nullfont!
Missing character: There is no N in font nullfont!
Missing character: There is no . in font nullfont!
Missing character: There is no s in font nullfont!
Missing character: There is no i in font nullfont!
Missing character: There is no m in font nullfont!
Missing character: There is no = in font nullfont!
Missing character: There is no 1 in font nullfont!
Missing character: There is no 0 in font nullfont!
Missing character: There is no 0 in font nullfont!
Missing character: There is no , in font nullfont!
Missing character: There is no s in font nullfont!
Missing character: There is no a in font nullfont!
Missing character: There is no m in font nullfont!
Missing character: There is no p in font nullfont!
Missing character: There is no l in font nullfont!
Missing character: There is no e in font nullfont!
Missing character: There is no = in font nullfont!
Missing character: There is no 1 in font nullfont!
Missing character: There is no 0 in font nullfont!
Missing character: There is no 0 in font nullfont!
Missing character: There is no 0 in font nullfont!
Missing character: There is no , in font nullfont!
Missing character: There is no p in font nullfont!
Missing character: There is no r in font nullfont!
Missing character: There is no e in font nullfont!
Missing character: There is no v in font nullfont!
Missing character: There is no a in font nullfont!
Missing character: There is no l in font nullfont!
Missing character: There is no e in font nullfont!
Missing character: There is no n in font nullfont!
Missing character: There is no c in font nullfont!
Missing character: There is no e in font nullfont!
Missing character: There is no = in font nullfont!
Missing character: There is no 0 in font nullfont!
Missing character: There is no . in font nullfont!
Missing character: There is no 1 in font nullfont!
Missing character: There is no , in font nullfont!
Missing character: There is no p in font nullfont!
Missing character: There is no = in font nullfont!
Missing character: There is no 0 in font nullfont!
Missing character: There is no . in font nullfont!
Missing character: There is no 1 in font nullfont!
Missing character: There is no , in font nullfont!
Missing character: There is no p in font nullfont!
Missing character: There is no . in font nullfont!
Missing character: There is no p in font nullfont!
Missing character: There is no r in font nullfont!
Missing character: There is no i in font nullfont!
Missing character: There is no m in font nullfont!
Missing character: There is no e in font nullfont!
Missing character: There is no = in font nullfont!
Missing character: There is no 0 in font nullfont!
Missing character: There is no . in font nullfont!
Missing character: There is no 1 in font nullfont!
Missing character: There is no , in font nullfont!
Missing character: There is no g in font nullfont!
Missing character: There is no a in font nullfont!
Missing character: There is no m in font nullfont!
Missing character: There is no m in font nullfont!
Missing character: There is no a in font nullfont!
Missing character: There is no = in font nullfont!
Missing character: There is no 0 in font nullfont!
Missing character: There is no . in font nullfont!
Missing character: There is no 8 in font nullfont!
Missing character: There is no , in font nullfont!
Missing character: There is no d in font nullfont!
Missing character: There is no i in font nullfont!
Missing character: There is no r in font nullfont!
Missing character: There is no e in font nullfont!
Missing character: There is no c in font nullfont!
Missing character: There is no t in font nullfont!
Missing character: There is no = in font nullfont!
Missing character: There is no 0 in font nullfont!
Missing character: There is no . in font nullfont!
Missing character: There is no 1 in font nullfont!
Missing character: There is no ) in font nullfont!
Missing character: There is no # in font nullfont!
Missing character: There is no R in font nullfont!
Missing character: There is no e in font nullfont!
Missing character: There is no - in font nullfont!
Missing character: There is no u in font nullfont!
Missing character: There is no s in font nullfont!
Missing character: There is no e in font nullfont!
Missing character: There is no p in font nullfont!
Missing character: There is no r in font nullfont!
Missing character: There is no e in font nullfont!
Missing character: There is no - in font nullfont!
Missing character: There is no c in font nullfont!
Missing character: There is no o in font nullfont!
Missing character: There is no m in font nullfont!
Missing character: There is no p in font nullfont!
Missing character: There is no u in font nullfont!
Missing character: There is no t in font nullfont!
Missing character: There is no e in font nullfont!
Missing character: There is no d in font nullfont!
Missing character: There is no s in font nullfont!
Missing character: There is no i in font nullfont!
Missing character: There is no m in font nullfont!
Missing character: There is no u in font nullfont!
Missing character: There is no l in font nullfont!
Missing character: There is no a in font nullfont!
Missing character: There is no t in font nullfont!
Missing character: There is no i in font nullfont!
Missing character: There is no o in font nullfont!
Missing character: There is no n in font nullfont!
Missing character: There is no r in font nullfont!
Missing character: There is no e in font nullfont!
Missing character: There is no s in font nullfont!
Missing character: There is no u in font nullfont!
Missing character: There is no l in font nullfont!
Missing character: There is no t in font nullfont!
Missing character: There is no s in font nullfont!
Missing character: There is no r in font nullfont!
Missing character: There is no e in font nullfont!
Missing character: There is no s in font nullfont!
Missing character: There is no < in font nullfont!
Missing character: There is no - in font nullfont!
Missing character: There is no s in font nullfont!
Missing character: There is no i in font nullfont!
Missing character: There is no m in font nullfont!
Missing character: There is no _ in font nullfont!
Missing character: There is no c in font nullfont!
Missing character: There is no w in font nullfont!
Missing character: There is no d in font nullfont!
Missing character: There is no a in font nullfont!
Missing character: There is no t in font nullfont!
Missing character: There is no a in font nullfont!
Missing character: There is no ( in font nullfont!
Missing character: There is no N in font nullfont!
Missing character: There is no . in font nullfont!
Missing character: There is no s in font nullfont!
Missing character: There is no i in font nullfont!
Missing character: There is no m in font nullfont!
Missing character: There is no = in font nullfont!
Missing character: There is no 1 in font nullfont!
Missing character: There is no 0 in font nullfont!
Missing character: There is no 0 in font nullfont!
Missing character: There is no , in font nullfont!
Missing character: There is no s in font nullfont!
Missing character: There is no a in font nullfont!
Missing character: There is no m in font nullfont!
Missing character: There is no p in font nullfont!
Missing character: There is no l in font nullfont!
Missing character: There is no e in font nullfont!
Missing character: There is no = in font nullfont!
Missing character: There is no 1 in font nullfont!
Missing character: There is no 0 in font nullfont!
Missing character: There is no 0 in font nullfont!
Missing character: There is no 0 in font nullfont!
Missing character: There is no , in font nullfont!
Missing character: There is no p in font nullfont!
Missing character: There is no r in font nullfont!
Missing character: There is no e in font nullfont!
Missing character: There is no v in font nullfont!
Missing character: There is no a in font nullfont!
Missing character: There is no l in font nullfont!
Missing character: There is no e in font nullfont!
Missing character: There is no n in font nullfont!
Missing character: There is no c in font nullfont!
Missing character: There is no e in font nullfont!
Missing character: There is no = in font nullfont!
Missing character: There is no 0 in font nullfont!
Missing character: There is no . in font nullfont!
Missing character: There is no 1 in font nullfont!
Missing character: There is no , in font nullfont!
Missing character: There is no p in font nullfont!
Missing character: There is no = in font nullfont!
Missing character: There is no 0 in font nullfont!
Missing character: There is no . in font nullfont!
Missing character: There is no 1 in font nullfont!
Missing character: There is no , in font nullfont!
Missing character: There is no p in font nullfont!
Missing character: There is no . in font nullfont!
Missing character: There is no p in font nullfont!
Missing character: There is no r in font nullfont!
Missing character: There is no i in font nullfont!
Missing character: There is no m in font nullfont!
Missing character: There is no e in font nullfont!
Missing character: There is no = in font nullfont!
Missing character: There is no 0 in font nullfont!
Missing character: There is no . in font nullfont!
Missing character: There is no 1 in font nullfont!
Missing character: There is no , in font nullfont!
Missing character: There is no g in font nullfont!
Missing character: There is no a in font nullfont!
Missing character: There is no m in font nullfont!
Missing character: There is no m in font nullfont!
Missing character: There is no a in font nullfont!
Missing character: There is no = in font nullfont!
Missing character: There is no 0 in font nullfont!
Missing character: There is no . in font nullfont!
Missing character: There is no 8 in font nullfont!
Missing character: There is no , in font nullfont!
Missing character: There is no d in font nullfont!
Missing character: There is no i in font nullfont!
Missing character: There is no r in font nullfont!
Missing character: There is no e in font nullfont!
Missing character: There is no c in font nullfont!
Missing character: There is no t in font nullfont!
Missing character: There is no = in font nullfont!
Missing character: There is no 0 in font nullfont!
Missing character: There is no . in font nullfont!
Missing character: There is no 1 in font nullfont!
Missing character: There is no ) in font nullfont!
Missing character: There is no s in font nullfont!
Missing character: There is no i in font nullfont!
Missing character: There is no m in font nullfont!
Missing character: There is no _ in font nullfont!
Missing character: There is no e in font nullfont!
Missing character: There is no s in font nullfont!
Missing character: There is no t in font nullfont!
Missing character: There is no i in font nullfont!
Missing character: There is no m in font nullfont!
Missing character: There is no a in font nullfont!
Missing character: There is no t in font nullfont!
Missing character: There is no e in font nullfont!
Missing character: There is no s in font nullfont!
Missing character: There is no ( in font nullfont!
Missing character: There is no s in font nullfont!
Missing character: There is no a in font nullfont!
Missing character: There is no m in font nullfont!
Missing character: There is no p in font nullfont!
Missing character: There is no l in font nullfont!
Missing character: There is no e in font nullfont!
Missing character: There is no = in font nullfont!
Missing character: There is no 1 in font nullfont!
Missing character: There is no 0 in font nullfont!
Missing character: There is no 0 in font nullfont!
Missing character: There is no 0 in font nullfont!
Missing character: There is no , in font nullfont!
Missing character: There is no p in font nullfont!
Missing character: There is no r in font nullfont!
Missing character: There is no e in font nullfont!
Missing character: There is no v in font nullfont!
Missing character: There is no a in font nullfont!
Missing character: There is no l in font nullfont!
Missing character: There is no e in font nullfont!
Missing character: There is no n in font nullfont!
Missing character: There is no c in font nullfont!
Missing character: There is no e in font nullfont!
Missing character: There is no = in font nullfont!
Missing character: There is no 0 in font nullfont!
Missing character: There is no . in font nullfont!
Missing character: There is no 1 in font nullfont!
Missing character: There is no , in font nullfont!
Missing character: There is no p in font nullfont!
Missing character: There is no = in font nullfont!
Missing character: There is no 0 in font nullfont!
Missing character: There is no . in font nullfont!
Missing character: There is no 1 in font nullfont!
Missing character: There is no , in font nullfont!
Missing character: There is no p in font nullfont!
Missing character: There is no . in font nullfont!
Missing character: There is no p in font nullfont!
Missing character: There is no r in font nullfont!
Missing character: There is no i in font nullfont!
Missing character: There is no m in font nullfont!
Missing character: There is no e in font nullfont!
Missing character: There is no = in font nullfont!
Missing character: There is no 0 in font nullfont!
Missing character: There is no . in font nullfont!
Missing character: There is no 1 in font nullfont!
Missing character: There is no , in font nullfont!
Missing character: There is no g in font nullfont!
Missing character: There is no a in font nullfont!
Missing character: There is no m in font nullfont!
Missing character: There is no m in font nullfont!
Missing character: There is no a in font nullfont!
Missing character: There is no = in font nullfont!
Missing character: There is no 0 in font nullfont!
Missing character: There is no . in font nullfont!
Missing character: There is no 8 in font nullfont!
Missing character: There is no , in font nullfont!
Missing character: There is no d in font nullfont!
Missing character: There is no i in font nullfont!
Missing character: There is no r in font nullfont!
Missing character: There is no e in font nullfont!
Missing character: There is no c in font nullfont!
Missing character: There is no t in font nullfont!
Missing character: There is no = in font nullfont!
Missing character: There is no 0 in font nullfont!
Missing character: There is no . in font nullfont!
Missing character: There is no 1 in font nullfont!
Missing character: There is no , in font nullfont!
Missing character: There is no s in font nullfont!
Missing character: There is no i in font nullfont!
Missing character: There is no m in font nullfont!
Missing character: There is no . in font nullfont!
Missing character: There is no r in font nullfont!
Missing character: There is no e in font nullfont!
Missing character: There is no s in font nullfont!
Missing character: There is no u in font nullfont!
Missing character: There is no l in font nullfont!
Missing character: There is no t in font nullfont!
Missing character: There is no s in font nullfont!
Missing character: There is no = in font nullfont!
Missing character: There is no r in font nullfont!
Missing character: There is no e in font nullfont!
Missing character: There is no s in font nullfont!
Missing character: There is no ) in font nullfont!
Missing character: There is no # in font nullfont!
Missing character: There is no # in font nullfont!
Missing character: There is no E in font nullfont!
Missing character: There is no n in font nullfont!
Missing character: There is no d in font nullfont!
Missing character: There is no ( in font nullfont!
Missing character: There is no N in font nullfont!
Missing character: There is no o in font nullfont!
Missing character: There is no t in font nullfont!
Missing character: There is no r in font nullfont!
Missing character: There is no u in font nullfont!
Missing character: There is no n in font nullfont!
Missing character: There is no ) in font nullfont!
Missing character: There is no s in font nullfont!
Missing character: There is no i in font nullfont!
Missing character: There is no m in font nullfont!
Missing character: There is no _ in font nullfont!
Missing character: There is no p in font nullfont!
Missing character: There is no o in font nullfont!
Missing character: There is no w in font nullfont!
Missing character: There is no e in font nullfont!
Missing character: There is no r in font nullfont!
Missing character: There is no s in font nullfont!
Missing character: There is no i in font nullfont!
Missing character: There is no m in font nullfont!
Missing character: There is no _ in font nullfont!
Missing character: There is no p in font nullfont!
Missing character: There is no o in font nullfont!
Missing character: There is no w in font nullfont!
Missing character: There is no e in font nullfont!
Missing character: There is no r in font nullfont!
Missing character: There is no s in font nullfont!
Missing character: There is no i in font nullfont!
Missing character: There is no m in font nullfont!
Missing character: There is no _ in font nullfont!
Missing character: There is no p in font nullfont!
Missing character: There is no o in font nullfont!
Missing character: There is no w in font nullfont!
Missing character: There is no e in font nullfont!
Missing character: There is no r in font nullfont!
Missing character: There is no ( in font nullfont!
Missing character: There is no N in font nullfont!
Missing character: There is no . in font nullfont!
Missing character: There is no s in font nullfont!
Missing character: There is no i in font nullfont!
Missing character: There is no m in font nullfont!
Missing character: There is no , in font nullfont!
Missing character: There is no s in font nullfont!
Missing character: There is no a in font nullfont!
Missing character: There is no m in font nullfont!
Missing character: There is no p in font nullfont!
Missing character: There is no l in font nullfont!
Missing character: There is no e in font nullfont!
Missing character: There is no , in font nullfont!
Missing character: There is no p in font nullfont!
Missing character: There is no i in font nullfont!
Missing character: There is no . in font nullfont!
Missing character: There is no n in font nullfont!
Missing character: There is no u in font nullfont!
Missing character: There is no l in font nullfont!
Missing character: There is no l in font nullfont!
Missing character: There is no , in font nullfont!
Missing character: There is no p in font nullfont!
Missing character: There is no i in font nullfont!
Missing character: There is no . in font nullfont!
Missing character: There is no a in font nullfont!
Missing character: There is no l in font nullfont!
Missing character: There is no t in font nullfont!
Missing character: There is no , in font nullfont!
Missing character: There is no p in font nullfont!
Missing character: There is no , in font nullfont!
Missing character: There is no p in font nullfont!
Missing character: There is no . in font nullfont!
Missing character: There is no p in font nullfont!
Missing character: There is no r in font nullfont!
Missing character: There is no i in font nullfont!
Missing character: There is no m in font nullfont!
Missing character: There is no e in font nullfont!
Missing character: There is no , in font nullfont!
Missing character: There is no g in font nullfont!
Missing character: There is no a in font nullfont!
Missing character: There is no m in font nullfont!
Missing character: There is no m in font nullfont!
Missing character: There is no a in font nullfont!
Missing character: There is no , in font nullfont!
Missing character: There is no d in font nullfont!
Missing character: There is no i in font nullfont!
Missing character: There is no r in font nullfont!
Missing character: There is no e in font nullfont!
Missing character: There is no c in font nullfont!
Missing character: There is no t in font nullfont!
Missing character: There is no , in font nullfont!
Missing character: There is no v in font nullfont!
Missing character: There is no e in font nullfont!
Missing character: There is no r in font nullfont!
Missing character: There is no b in font nullfont!
Missing character: There is no o in font nullfont!
Missing character: There is no s in font nullfont!
Missing character: There is no e in font nullfont!
Missing character: There is no = in font nullfont!
Missing character: There is no T in font nullfont!
Missing character: There is no R in font nullfont!
Missing character: There is no U in font nullfont!
Missing character: There is no E in font nullfont!
Missing character: There is no ) in font nullfont!
Missing character: There is no s in font nullfont!
Missing character: There is no i in font nullfont!
Missing character: There is no m in font nullfont!
Missing character: There is no . in font nullfont!
Missing character: There is no p in font nullfont!
Missing character: There is no o in font nullfont!
Missing character: There is no w in font nullfont!
Missing character: There is no e in font nullfont!
Missing character: There is no r in font nullfont!
Missing character: There is no ( in font nullfont!
Missing character: There is no . in font nullfont!
Missing character: There is no . in font nullfont!
Missing character: There is no . in font nullfont!
Missing character: There is no ) in font nullfont!
Missing character: There is no N in font nullfont!
Missing character: There is no . in font nullfont!
Missing character: There is no s in font nullfont!
Missing character: There is no i in font nullfont!
Missing character: There is no m in font nullfont!
Missing character: There is no N in font nullfont!
Missing character: There is no . in font nullfont!
Missing character: There is no s in font nullfont!
Missing character: There is no i in font nullfont!
Missing character: There is no m in font nullfont!
[16]
Missing character: There is no s in font nullfont!
Missing character: There is no a in font nullfont!
Missing character: There is no m in font nullfont!
Missing character: There is no p in font nullfont!
Missing character: There is no l in font nullfont!
Missing character: There is no e in font nullfont!
Missing character: There is no s in font nullfont!
Missing character: There is no a in font nullfont!
Missing character: There is no m in font nullfont!
Missing character: There is no p in font nullfont!
Missing character: There is no l in font nullfont!
Missing character: There is no e in font nullfont!
Missing character: There is no p in font nullfont!
Missing character: There is no i in font nullfont!
Missing character: There is no . in font nullfont!
Missing character: There is no n in font nullfont!
Missing character: There is no u in font nullfont!
Missing character: There is no l in font nullfont!
Missing character: There is no l in font nullfont!
Missing character: There is no p in font nullfont!
Missing character: There is no i in font nullfont!
Missing character: There is no . in font nullfont!
Missing character: There is no n in font nullfont!
Missing character: There is no u in font nullfont!
Missing character: There is no l in font nullfont!
Missing character: There is no l in font nullfont!
Missing character: There is no p in font nullfont!
Missing character: There is no i in font nullfont!
Missing character: There is no . in font nullfont!
Missing character: There is no a in font nullfont!
Missing character: There is no l in font nullfont!
Missing character: There is no t in font nullfont!
Missing character: There is no p in font nullfont!
Missing character: There is no i in font nullfont!
Missing character: There is no . in font nullfont!
Missing character: There is no a in font nullfont!
Missing character: There is no l in font nullfont!
Missing character: There is no t in font nullfont!
Missing character: There is no p in font nullfont!
Missing character: There is no p in font nullfont!
Missing character: There is no p in font nullfont!
Missing character: There is no . in font nullfont!
Missing character: There is no p in font nullfont!
Missing character: There is no r in font nullfont!
Missing character: There is no i in font nullfont!
Missing character: There is no m in font nullfont!
Missing character: There is no e in font nullfont!
Missing character: There is no p in font nullfont!
Missing character: There is no . in font nullfont!
Missing character: There is no p in font nullfont!
Missing character: There is no r in font nullfont!
Missing character: There is no i in font nullfont!
Missing character: There is no m in font nullfont!
Missing character: There is no e in font nullfont!
Missing character: There is no g in font nullfont!
Missing character: There is no a in font nullfont!
Missing character: There is no m in font nullfont!
Missing character: There is no m in font nullfont!
Missing character: There is no a in font nullfont!
Missing character: There is no g in font nullfont!
Missing character: There is no a in font nullfont!
Missing character: There is no m in font nullfont!
Missing character: There is no m in font nullfont!
Missing character: There is no a in font nullfont!
Missing character: There is no d in font nullfont!
Missing character: There is no i in font nullfont!
Missing character: There is no r in font nullfont!
Missing character: There is no e in font nullfont!
Missing character: There is no c in font nullfont!
Missing character: There is no t in font nullfont!
Missing character: There is no d in font nullfont!
Missing character: There is no i in font nullfont!
Missing character: There is no r in font nullfont!
Missing character: There is no e in font nullfont!
Missing character: There is no c in font nullfont!
Missing character: There is no t in font nullfont!
Missing character: There is no v in font nullfont!
Missing character: There is no e in font nullfont!
Missing character: There is no r in font nullfont!
Missing character: There is no b in font nullfont!
Missing character: There is no o in font nullfont!
Missing character: There is no s in font nullfont!
Missing character: There is no e in font nullfont!
Missing character: There is no v in font nullfont!
Missing character: There is no e in font nullfont!
Missing character: There is no r in font nullfont!
Missing character: There is no b in font nullfont!
Missing character: There is no o in font nullfont!
Missing character: There is no s in font nullfont!
Missing character: There is no e in font nullfont!
Missing character: There is no T in font nullfont!
Missing character: There is no R in font nullfont!
Missing character: There is no U in font nullfont!
Missing character: There is no E in font nullfont!
Missing character: There is no . in font nullfont!
Missing character: There is no . in font nullfont!
Missing character: There is no . in font nullfont!
Missing character: There is no . in font nullfont!
Missing character: There is no . in font nullfont!
Missing character: There is no . in font nullfont!
Missing character: There is no s in font nullfont!
Missing character: There is no i in font nullfont!
Missing character: There is no m in font nullfont!
Missing character: There is no _ in font nullfont!
Missing character: There is no p in font nullfont!
Missing character: There is no o in font nullfont!
Missing character: There is no w in font nullfont!
Missing character: There is no e in font nullfont!
Missing character: There is no r in font nullfont!
Missing character: There is no ( in font nullfont!
Missing character: There is no ) in font nullfont!
Missing character: There is no s in font nullfont!
Missing character: There is no i in font nullfont!
Missing character: There is no m in font nullfont!
Missing character: There is no _ in font nullfont!
Missing character: There is no c in font nullfont!
Missing character: There is no w in font nullfont!
Missing character: There is no d in font nullfont!
Missing character: There is no a in font nullfont!
Missing character: There is no t in font nullfont!
Missing character: There is no a in font nullfont!
Missing character: There is no ( in font nullfont!
Missing character: There is no ) in font nullfont!
Missing character: There is no p in font nullfont!
Missing character: There is no i in font nullfont!
Missing character: There is no . in font nullfont!
Missing character: There is no n in font nullfont!
Missing character: There is no u in font nullfont!
Missing character: There is no l in font nullfont!
Missing character: There is no l in font nullfont!
Missing character: There is no p in font nullfont!
Missing character: There is no i in font nullfont!
Missing character: There is no . in font nullfont!
Missing character: There is no a in font nullfont!
Missing character: There is no l in font nullfont!
Missing character: There is no t in font nullfont!
Missing character: There is no s in font nullfont!
Missing character: There is no i in font nullfont!
Missing character: There is no m in font nullfont!
Missing character: There is no _ in font nullfont!
Missing character: There is no c in font nullfont!
Missing character: There is no w in font nullfont!
Missing character: There is no d in font nullfont!
Missing character: There is no a in font nullfont!
Missing character: There is no t in font nullfont!
Missing character: There is no a in font nullfont!
Missing character: There is no # in font nullfont!
Missing character: There is no C in font nullfont!
Missing character: There is no o in font nullfont!
Missing character: There is no m in font nullfont!
Missing character: There is no p in font nullfont!
Missing character: There is no u in font nullfont!
Missing character: There is no t in font nullfont!
Missing character: There is no e in font nullfont!
Missing character: There is no p in font nullfont!
Missing character: There is no o in font nullfont!
Missing character: There is no w in font nullfont!
Missing character: There is no e in font nullfont!
Missing character: There is no r in font nullfont!
Missing character: There is no a in font nullfont!
Missing character: There is no t in font nullfont!
Missing character: There is no a in font nullfont!
Missing character: There is no f in font nullfont!
Missing character: There is no i in font nullfont!
Missing character: There is no x in font nullfont!
Missing character: There is no e in font nullfont!
Missing character: There is no d in font nullfont!
Missing character: There is no s in font nullfont!
Missing character: There is no a in font nullfont!
Missing character: There is no m in font nullfont!
Missing character: There is no p in font nullfont!
Missing character: There is no l in font nullfont!
Missing character: There is no e in font nullfont!
Missing character: There is no s in font nullfont!
Missing character: There is no i in font nullfont!
Missing character: There is no z in font nullfont!
Missing character: There is no e in font nullfont!
Missing character: There is no o in font nullfont!
Missing character: There is no f in font nullfont!
Missing character: There is no 1 in font nullfont!
Missing character: There is no 0 in font nullfont!
Missing character: There is no 0 in font nullfont!
Missing character: There is no 0 in font nullfont!
[17]
Missing character: There is no # in font nullfont!
Missing character: There is no # in font nullfont!
Missing character: There is no N in font nullfont!
Missing character: There is no o in font nullfont!
Missing character: There is no t in font nullfont!
Missing character: There is no r in font nullfont!
Missing character: There is no u in font nullfont!
Missing character: There is no n in font nullfont!
Missing character: There is no : in font nullfont!
Missing character: There is no p in font nullfont!
Missing character: There is no w in font nullfont!
Missing character: There is no r in font nullfont!
Missing character: There is no < in font nullfont!
Missing character: There is no - in font nullfont!
Missing character: There is no s in font nullfont!
Missing character: There is no i in font nullfont!
Missing character: There is no m in font nullfont!
Missing character: There is no _ in font nullfont!
Missing character: There is no p in font nullfont!
Missing character: There is no o in font nullfont!
Missing character: There is no w in font nullfont!
Missing character: There is no e in font nullfont!
Missing character: There is no r in font nullfont!
Missing character: There is no ( in font nullfont!
Missing character: There is no N in font nullfont!
Missing character: There is no . in font nullfont!
Missing character: There is no s in font nullfont!
Missing character: There is no i in font nullfont!
Missing character: There is no m in font nullfont!
Missing character: There is no = in font nullfont!
Missing character: There is no 5 in font nullfont!
Missing character: There is no 0 in font nullfont!
Missing character: There is no 0 in font nullfont!
Missing character: There is no , in font nullfont!
Missing character: There is no s in font nullfont!
Missing character: There is no a in font nullfont!
Missing character: There is no m in font nullfont!
Missing character: There is no p in font nullfont!
Missing character: There is no l in font nullfont!
Missing character: There is no e in font nullfont!
Missing character: There is no = in font nullfont!
Missing character: There is no 1 in font nullfont!
Missing character: There is no 0 in font nullfont!
Missing character: There is no 0 in font nullfont!
Missing character: There is no 0 in font nullfont!
Missing character: There is no , in font nullfont!
Missing character: There is no p in font nullfont!
Missing character: There is no i in font nullfont!
Missing character: There is no . in font nullfont!
Missing character: There is no n in font nullfont!
Missing character: There is no u in font nullfont!
Missing character: There is no l in font nullfont!
Missing character: There is no l in font nullfont!
Missing character: There is no = in font nullfont!
Missing character: There is no 0 in font nullfont!
Missing character: There is no , in font nullfont!
Missing character: There is no p in font nullfont!
Missing character: There is no i in font nullfont!
Missing character: There is no . in font nullfont!
Missing character: There is no a in font nullfont!
Missing character: There is no l in font nullfont!
Missing character: There is no t in font nullfont!
Missing character: There is no = in font nullfont!
Missing character: There is no 0 in font nullfont!
Missing character: There is no . in font nullfont!
Missing character: There is no 1 in font nullfont!
Missing character: There is no , in font nullfont!
Missing character: There is no p in font nullfont!
Missing character: There is no = in font nullfont!
Missing character: There is no 0 in font nullfont!
Missing character: There is no . in font nullfont!
Missing character: There is no 1 in font nullfont!
Missing character: There is no , in font nullfont!
Missing character: There is no p in font nullfont!
Missing character: There is no . in font nullfont!
Missing character: There is no p in font nullfont!
Missing character: There is no r in font nullfont!
Missing character: There is no i in font nullfont!
Missing character: There is no m in font nullfont!
Missing character: There is no e in font nullfont!
Missing character: There is no = in font nullfont!
Missing character: There is no 0 in font nullfont!
Missing character: There is no . in font nullfont!
Missing character: There is no 1 in font nullfont!
Missing character: There is no , in font nullfont!
Missing character: There is no g in font nullfont!
Missing character: There is no a in font nullfont!
Missing character: There is no m in font nullfont!
Missing character: There is no m in font nullfont!
Missing character: There is no a in font nullfont!
Missing character: There is no = in font nullfont!
Missing character: There is no 0 in font nullfont!
Missing character: There is no . in font nullfont!
Missing character: There is no 8 in font nullfont!
Missing character: There is no , in font nullfont!
Missing character: There is no d in font nullfont!
Missing character: There is no i in font nullfont!
Missing character: There is no r in font nullfont!
Missing character: There is no e in font nullfont!
Missing character: There is no c in font nullfont!
Missing character: There is no t in font nullfont!
Missing character: There is no = in font nullfont!
Missing character: There is no 0 in font nullfont!
Missing character: There is no . in font nullfont!
Missing character: There is no 0 in font nullfont!
Missing character: There is no 2 in font nullfont!
Missing character: There is no ) in font nullfont!
Missing character: There is no c in font nullfont!
Missing character: There is no a in font nullfont!
Missing character: There is no t in font nullfont!
Missing character: There is no ( in font nullfont!
Missing character: There is no s in font nullfont!
Missing character: There is no p in font nullfont!
Missing character: There is no r in font nullfont!
Missing character: There is no i in font nullfont!
Missing character: There is no n in font nullfont!
Missing character: There is no t in font nullfont!
Missing character: There is no f in font nullfont!
Missing character: There is no ( in font nullfont!
Missing character: There is no " in font nullfont!
Missing character: There is no E in font nullfont!
Missing character: There is no s in font nullfont!
Missing character: There is no t in font nullfont!
Missing character: There is no i in font nullfont!
Missing character: There is no m in font nullfont!
Missing character: There is no a in font nullfont!
Missing character: There is no t in font nullfont!
Missing character: There is no e in font nullfont!
Missing character: There is no d in font nullfont!
Missing character: There is no p in font nullfont!
Missing character: There is no o in font nullfont!
Missing character: There is no w in font nullfont!
Missing character: There is no e in font nullfont!
Missing character: There is no r in font nullfont!
Missing character: There is no : in font nullfont!
Missing character: There is no % in font nullfont!
Missing character: There is no . in font nullfont!
Missing character: There is no 3 in font nullfont!
Missing character: There is no f in font nullfont!
Missing character: There is no \ in font nullfont!
Missing character: There is no n in font nullfont!
Missing character: There is no " in font nullfont!
Missing character: There is no , in font nullfont!
Missing character: There is no p in font nullfont!
Missing character: There is no w in font nullfont!
Missing character: There is no r in font nullfont!
Missing character: There is no ) in font nullfont!
Missing character: There is no ) in font nullfont!
Missing character: There is no # in font nullfont!
Missing character: There is no # in font nullfont!
Missing character: There is no E in font nullfont!
Missing character: There is no n in font nullfont!
Missing character: There is no d in font nullfont!
Missing character: There is no ( in font nullfont!
Missing character: There is no N in font nullfont!
Missing character: There is no o in font nullfont!
Missing character: There is no t in font nullfont!
Missing character: There is no r in font nullfont!
Missing character: There is no u in font nullfont!
Missing character: There is no n in font nullfont!
Missing character: There is no ) in font nullfont!
Missing character: There is no s in font nullfont!
Missing character: There is no i in font nullfont!
Missing character: There is no m in font nullfont!
Missing character: There is no _ in font nullfont!
Missing character: There is no p in font nullfont!
Missing character: There is no o in font nullfont!
Missing character: There is no w in font nullfont!
Missing character: There is no e in font nullfont!
Missing character: There is no r in font nullfont!
Missing character: There is no _ in font nullfont!
Missing character: There is no N in font nullfont!
Missing character: There is no s in font nullfont!
Missing character: There is no i in font nullfont!
Missing character: There is no m in font nullfont!
Missing character: There is no _ in font nullfont!
Missing character: There is no p in font nullfont!
Missing character: There is no o in font nullfont!
Missing character: There is no w in font nullfont!
Missing character: There is no e in font nullfont!
Missing character: There is no r in font nullfont!
Missing character: There is no _ in font nullfont!
Missing character: There is no N in font nullfont!
Missing character: There is no s in font nullfont!
Missing character: There is no i in font nullfont!
Missing character: There is no m in font nullfont!
Missing character: There is no _ in font nullfont!
Missing character: There is no p in font nullfont!
Missing character: There is no o in font nullfont!
Missing character: There is no w in font nullfont!
Missing character: There is no e in font nullfont!
Missing character: There is no r in font nullfont!
Missing character: There is no _ in font nullfont!
Missing character: There is no N in font nullfont!
Missing character: There is no ( in font nullfont!
Missing character: There is no N in font nullfont!
Missing character: There is no . in font nullfont!
Missing character: There is no s in font nullfont!
Missing character: There is no i in font nullfont!
Missing character: There is no m in font nullfont!
Missing character: There is no = in font nullfont!
Missing character: There is no 5 in font nullfont!
Missing character: There is no 0 in font nullfont!
Missing character: There is no , in font nullfont!
Missing character: There is no p in font nullfont!
Missing character: There is no r in font nullfont!
Missing character: There is no e in font nullfont!
Missing character: There is no v in font nullfont!
Missing character: There is no a in font nullfont!
Missing character: There is no l in font nullfont!
Missing character: There is no e in font nullfont!
Missing character: There is no n in font nullfont!
Missing character: There is no c in font nullfont!
Missing character: There is no e in font nullfont!
Missing character: There is no , in font nullfont!
Missing character: There is no p in font nullfont!
Missing character: There is no , in font nullfont!
Missing character: There is no p in font nullfont!
Missing character: There is no . in font nullfont!
Missing character: There is no p in font nullfont!
Missing character: There is no r in font nullfont!
Missing character: There is no i in font nullfont!
Missing character: There is no m in font nullfont!
Missing character: There is no e in font nullfont!
Missing character: There is no , in font nullfont!
Missing character: There is no g in font nullfont!
Missing character: There is no a in font nullfont!
Missing character: There is no m in font nullfont!
Missing character: There is no m in font nullfont!
Missing character: There is no a in font nullfont!
Missing character: There is no , in font nullfont!
Missing character: There is no d in font nullfont!
Missing character: There is no i in font nullfont!
Missing character: There is no r in font nullfont!
Missing character: There is no e in font nullfont!
Missing character: There is no c in font nullfont!
Missing character: There is no t in font nullfont!
Missing character: There is no , in font nullfont!
Missing character: There is no v in font nullfont!
Missing character: There is no e in font nullfont!
Missing character: There is no r in font nullfont!
Missing character: There is no b in font nullfont!
Missing character: There is no o in font nullfont!
Missing character: There is no s in font nullfont!
Missing character: There is no e in font nullfont!
Missing character: There is no = in font nullfont!
Missing character: There is no T in font nullfont!
Missing character: There is no R in font nullfont!
Missing character: There is no U in font nullfont!
Missing character: There is no E in font nullfont!
Missing character: There is no ) in font nullfont!
Missing character: There is no s in font nullfont!
Missing character: There is no i in font nullfont!
Missing character: There is no m in font nullfont!
Missing character: There is no . in font nullfont!
Missing character: There is no p in font nullfont!
Missing character: There is no o in font nullfont!
Missing character: There is no w in font nullfont!
Missing character: There is no e in font nullfont!
Missing character: There is no r in font nullfont!
Missing character: There is no . in font nullfont!
Missing character: There is no N in font nullfont!
Missing character: There is no ( in font nullfont!
Missing character: There is no . in font nullfont!
Missing character: There is no . in font nullfont!
Missing character: There is no . in font nullfont!
Missing character: There is no ) in font nullfont!
Missing character: There is no N in font nullfont!
Missing character: There is no . in font nullfont!
Missing character: There is no s in font nullfont!
Missing character: There is no i in font nullfont!
Missing character: There is no m in font nullfont!
Missing character: There is no N in font nullfont!
Missing character: There is no . in font nullfont!
Missing character: There is no s in font nullfont!
Missing character: There is no i in font nullfont!
Missing character: There is no m in font nullfont!
Missing character: There is no p in font nullfont!
Missing character: There is no r in font nullfont!
Missing character: There is no e in font nullfont!
Missing character: There is no v in font nullfont!
Missing character: There is no a in font nullfont!
Missing character: There is no l in font nullfont!
Missing character: There is no e in font nullfont!
Missing character: There is no n in font nullfont!
Missing character: There is no c in font nullfont!
Missing character: There is no e in font nullfont!
Missing character: There is no p in font nullfont!
Missing character: There is no r in font nullfont!
Missing character: There is no e in font nullfont!
Missing character: There is no v in font nullfont!
Missing character: There is no a in font nullfont!
Missing character: There is no l in font nullfont!
Missing character: There is no e in font nullfont!
Missing character: There is no n in font nullfont!
Missing character: There is no c in font nullfont!
Missing character: There is no e in font nullfont!
Missing character: There is no p in font nullfont!
Missing character: There is no p in font nullfont!
Missing character: There is no p in font nullfont!
Missing character: There is no . in font nullfont!
Missing character: There is no p in font nullfont!
Missing character: There is no r in font nullfont!
Missing character: There is no i in font nullfont!
Missing character: There is no m in font nullfont!
Missing character: There is no e in font nullfont!
Missing character: There is no p in font nullfont!
Missing character: There is no . in font nullfont!
Missing character: There is no p in font nullfont!
Missing character: There is no r in font nullfont!
Missing character: There is no i in font nullfont!
Missing character: There is no m in font nullfont!
Missing character: There is no e in font nullfont!
Missing character: There is no g in font nullfont!
Missing character: There is no a in font nullfont!
Missing character: There is no m in font nullfont!
Missing character: There is no m in font nullfont!
Missing character: There is no a in font nullfont!
Missing character: There is no g in font nullfont!
Missing character: There is no a in font nullfont!
Missing character: There is no m in font nullfont!
Missing character: There is no m in font nullfont!
Missing character: There is no a in font nullfont!
Missing character: There is no d in font nullfont!
Missing character: There is no i in font nullfont!
Missing character: There is no r in font nullfont!
Missing character: There is no e in font nullfont!
Missing character: There is no c in font nullfont!
Missing character: There is no t in font nullfont!
Missing character: There is no d in font nullfont!
Missing character: There is no i in font nullfont!
Missing character: There is no r in font nullfont!
Missing character: There is no e in font nullfont!
Missing character: There is no c in font nullfont!
Missing character: There is no t in font nullfont!
Missing character: There is no v in font nullfont!
Missing character: There is no e in font nullfont!
Missing character: There is no r in font nullfont!
Missing character: There is no b in font nullfont!
Missing character: There is no o in font nullfont!
Missing character: There is no s in font nullfont!
Missing character: There is no e in font nullfont!
Missing character: There is no v in font nullfont!
Missing character: There is no e in font nullfont!
Missing character: There is no r in font nullfont!
Missing character: There is no b in font nullfont!
Missing character: There is no o in font nullfont!
Missing character: There is no s in font nullfont!
Missing character: There is no e in font nullfont!
Missing character: There is no T in font nullfont!
Missing character: There is no R in font nullfont!
Missing character: There is no U in font nullfont!
Missing character: There is no E in font nullfont!
Missing character: There is no . in font nullfont!
Missing character: There is no . in font nullfont!
Missing character: There is no . in font nullfont!
Missing character: There is no . in font nullfont!
Missing character: There is no . in font nullfont!
Missing character: There is no . in font nullfont!
Missing character: There is no s in font nullfont!
Missing character: There is no i in font nullfont!
Missing character: There is no m in font nullfont!
Missing character: There is no _ in font nullfont!
Missing character: There is no p in font nullfont!
Missing character: There is no o in font nullfont!
Missing character: There is no w in font nullfont!
Missing character: There is no e in font nullfont!
Missing character: There is no r in font nullfont!
Missing character: There is no _ in font nullfont!
Missing character: There is no N in font nullfont!
Missing character: There is no ( in font nullfont!
Missing character: There is no ) in font nullfont!
[18]
Missing character: There is no s in font nullfont!
Missing character: There is no i in font nullfont!
Missing character: There is no m in font nullfont!
Missing character: There is no _ in font nullfont!
Missing character: There is no p in font nullfont!
Missing character: There is no o in font nullfont!
Missing character: There is no w in font nullfont!
Missing character: There is no e in font nullfont!
Missing character: There is no r in font nullfont!
Missing character: There is no # in font nullfont!
Missing character: There is no F in font nullfont!
Missing character: There is no i in font nullfont!
Missing character: There is no n in font nullfont!
Missing character: There is no d in font nullfont!
Missing character: There is no s in font nullfont!
Missing character: There is no a in font nullfont!
Missing character: There is no m in font nullfont!
Missing character: There is no p in font nullfont!
Missing character: There is no l in font nullfont!
Missing character: There is no e in font nullfont!
Missing character: There is no s in font nullfont!
Missing character: There is no i in font nullfont!
Missing character: There is no z in font nullfont!
Missing character: There is no e in font nullfont!
Missing character: There is no n in font nullfont!
Missing character: There is no e in font nullfont!
Missing character: There is no e in font nullfont!
Missing character: There is no d in font nullfont!
Missing character: There is no e in font nullfont!
Missing character: There is no d in font nullfont!
Missing character: There is no t in font nullfont!
Missing character: There is no o in font nullfont!
Missing character: There is no r in font nullfont!
Missing character: There is no e in font nullfont!
Missing character: There is no l in font nullfont!
Missing character: There is no i in font nullfont!
Missing character: There is no a in font nullfont!
Missing character: There is no b in font nullfont!
Missing character: There is no l in font nullfont!
Missing character: There is no y in font nullfont!
Missing character: There is no e in font nullfont!
Missing character: There is no x in font nullfont!
Missing character: There is no c in font nullfont!
Missing character: There is no l in font nullfont!
Missing character: There is no u in font nullfont!
Missing character: There is no d in font nullfont!
Missing character: There is no e in font nullfont!
Missing character: There is no z in font nullfont!
Missing character: There is no e in font nullfont!
Missing character: There is no r in font nullfont!
Missing character: There is no o in font nullfont!
Missing character: There is no # in font nullfont!
Missing character: There is no # in font nullfont!
Missing character: There is no N in font nullfont!
Missing character: There is no o in font nullfont!
Missing character: There is no t in font nullfont!
Missing character: There is no r in font nullfont!
Missing character: There is no u in font nullfont!
Missing character: There is no n in font nullfont!
Missing character: There is no : in font nullfont!
Missing character: There is no r in font nullfont!
Missing character: There is no e in font nullfont!
Missing character: There is no s in font nullfont!
Missing character: There is no u in font nullfont!
Missing character: There is no l in font nullfont!
Missing character: There is no t in font nullfont!
Missing character: There is no < in font nullfont!
Missing character: There is no - in font nullfont!
Missing character: There is no s in font nullfont!
Missing character: There is no i in font nullfont!
Missing character: There is no m in font nullfont!
Missing character: There is no _ in font nullfont!
Missing character: There is no p in font nullfont!
Missing character: There is no o in font nullfont!
Missing character: There is no w in font nullfont!
Missing character: There is no e in font nullfont!
Missing character: There is no r in font nullfont!
Missing character: There is no _ in font nullfont!
Missing character: There is no N in font nullfont!
Missing character: There is no ( in font nullfont!
Missing character: There is no N in font nullfont!
Missing character: There is no . in font nullfont!
Missing character: There is no s in font nullfont!
Missing character: There is no i in font nullfont!
Missing character: There is no m in font nullfont!
Missing character: There is no = in font nullfont!
Missing character: There is no 5 in font nullfont!
Missing character: There is no 0 in font nullfont!
Missing character: There is no , in font nullfont!
Missing character: There is no p in font nullfont!
Missing character: There is no r in font nullfont!
Missing character: There is no e in font nullfont!
Missing character: There is no v in font nullfont!
Missing character: There is no a in font nullfont!
Missing character: There is no l in font nullfont!
Missing character: There is no e in font nullfont!
Missing character: There is no n in font nullfont!
Missing character: There is no c in font nullfont!
Missing character: There is no e in font nullfont!
Missing character: There is no = in font nullfont!
Missing character: There is no 0 in font nullfont!
Missing character: There is no . in font nullfont!
Missing character: There is no 1 in font nullfont!
Missing character: There is no , in font nullfont!
Missing character: There is no p in font nullfont!
Missing character: There is no = in font nullfont!
Missing character: There is no 0 in font nullfont!
Missing character: There is no . in font nullfont!
Missing character: There is no 1 in font nullfont!
Missing character: There is no , in font nullfont!
Missing character: There is no p in font nullfont!
Missing character: There is no . in font nullfont!
Missing character: There is no p in font nullfont!
Missing character: There is no r in font nullfont!
Missing character: There is no i in font nullfont!
Missing character: There is no m in font nullfont!
Missing character: There is no e in font nullfont!
Missing character: There is no = in font nullfont!
Missing character: There is no 0 in font nullfont!
Missing character: There is no . in font nullfont!
Missing character: There is no 1 in font nullfont!
Missing character: There is no , in font nullfont!
Missing character: There is no g in font nullfont!
Missing character: There is no a in font nullfont!
Missing character: There is no m in font nullfont!
Missing character: There is no m in font nullfont!
Missing character: There is no a in font nullfont!
Missing character: There is no = in font nullfont!
Missing character: There is no 0 in font nullfont!
Missing character: There is no . in font nullfont!
Missing character: There is no 8 in font nullfont!
Missing character: There is no , in font nullfont!
Missing character: There is no d in font nullfont!
Missing character: There is no i in font nullfont!
Missing character: There is no r in font nullfont!
Missing character: There is no e in font nullfont!
Missing character: There is no c in font nullfont!
Missing character: There is no t in font nullfont!
Missing character: There is no = in font nullfont!
Missing character: There is no 0 in font nullfont!
Missing character: There is no . in font nullfont!
Missing character: There is no 0 in font nullfont!
Missing character: There is no 5 in font nullfont!
Missing character: There is no ) in font nullfont!
[19]
Missing character: There is no p in font nullfont!
Missing character: There is no r in font nullfont!
Missing character: There is no i in font nullfont!
Missing character: There is no n in font nullfont!
Missing character: There is no t in font nullfont!
Missing character: There is no ( in font nullfont!
Missing character: There is no r in font nullfont!
Missing character: There is no e in font nullfont!
Missing character: There is no s in font nullfont!
Missing character: There is no u in font nullfont!
Missing character: There is no l in font nullfont!
Missing character: There is no t in font nullfont!
Missing character: There is no ) in font nullfont!
Missing character: There is no # in font nullfont!
Missing character: There is no V in font nullfont!
Missing character: There is no i in font nullfont!
Missing character: There is no s in font nullfont!
Missing character: There is no u in font nullfont!
Missing character: There is no a in font nullfont!
Missing character: There is no l in font nullfont!
Missing character: There is no i in font nullfont!
Missing character: There is no z in font nullfont!
Missing character: There is no e in font nullfont!
Missing character: There is no r in font nullfont!
Missing character: There is no e in font nullfont!
Missing character: There is no s in font nullfont!
Missing character: There is no u in font nullfont!
Missing character: There is no l in font nullfont!
Missing character: There is no t in font nullfont!
Missing character: There is no s in font nullfont!
Missing character: There is no p in font nullfont!
Missing character: There is no l in font nullfont!
Missing character: There is no o in font nullfont!
Missing character: There is no t in font nullfont!
Missing character: There is no ( in font nullfont!
Missing character: There is no r in font nullfont!
Missing character: There is no e in font nullfont!
Missing character: There is no s in font nullfont!
Missing character: There is no u in font nullfont!
Missing character: There is no l in font nullfont!
Missing character: There is no t in font nullfont!
Missing character: There is no $ in font nullfont!
Missing character: There is no S in font nullfont!
Missing character: There is no a in font nullfont!
Missing character: There is no m in font nullfont!
Missing character: There is no p in font nullfont!
Missing character: There is no l in font nullfont!
Missing character: There is no e in font nullfont!
Missing character: There is no S in font nullfont!
Missing character: There is no i in font nullfont!
Missing character: There is no z in font nullfont!
Missing character: There is no e in font nullfont!
Missing character: There is no , in font nullfont!
Missing character: There is no r in font nullfont!
Missing character: There is no e in font nullfont!
Missing character: There is no s in font nullfont!
Missing character: There is no u in font nullfont!
Missing character: There is no l in font nullfont!
Missing character: There is no t in font nullfont!
Missing character: There is no $ in font nullfont!
Missing character: There is no C in font nullfont!
Missing character: There is no o in font nullfont!
Missing character: There is no v in font nullfont!
Missing character: There is no e in font nullfont!
Missing character: There is no r in font nullfont!
Missing character: There is no a in font nullfont!
Missing character: There is no g in font nullfont!
Missing character: There is no e in font nullfont!
Missing character: There is no Z in font nullfont!
Missing character: There is no e in font nullfont!
Missing character: There is no r in font nullfont!
Missing character: There is no o in font nullfont!
Missing character: There is no , in font nullfont!
Missing character: There is no t in font nullfont!
Missing character: There is no y in font nullfont!
Missing character: There is no p in font nullfont!
Missing character: There is no e in font nullfont!
Missing character: There is no = in font nullfont!
Missing character: There is no " in font nullfont!
Missing character: There is no b in font nullfont!
Missing character: There is no " in font nullfont!
Missing character: There is no , in font nullfont!
Missing character: There is no x in font nullfont!
Missing character: There is no l in font nullfont!
Missing character: There is no a in font nullfont!
Missing character: There is no b in font nullfont!
Missing character: There is no = in font nullfont!
Missing character: There is no " in font nullfont!
Missing character: There is no S in font nullfont!
Missing character: There is no a in font nullfont!
Missing character: There is no m in font nullfont!
Missing character: There is no p in font nullfont!
Missing character: There is no l in font nullfont!
Missing character: There is no e in font nullfont!
Missing character: There is no S in font nullfont!
Missing character: There is no i in font nullfont!
Missing character: There is no z in font nullfont!
Missing character: There is no e in font nullfont!
Missing character: There is no " in font nullfont!
Missing character: There is no , in font nullfont!
Missing character: There is no y in font nullfont!
Missing character: There is no l in font nullfont!
Missing character: There is no a in font nullfont!
Missing character: There is no b in font nullfont!
Missing character: There is no = in font nullfont!
Missing character: There is no " in font nullfont!
Missing character: There is no % in font nullfont!
Missing character: There is no o in font nullfont!
Missing character: There is no f in font nullfont!
Missing character: There is no C in font nullfont!
Missing character: There is no I in font nullfont!
Missing character: There is no s in font nullfont!
Missing character: There is no I in font nullfont!
Missing character: There is no n in font nullfont!
Missing character: There is no c in font nullfont!
Missing character: There is no l in font nullfont!
Missing character: There is no u in font nullfont!
Missing character: There is no d in font nullfont!
Missing character: There is no i in font nullfont!
Missing character: There is no n in font nullfont!
Missing character: There is no g in font nullfont!
Missing character: There is no Z in font nullfont!
Missing character: There is no e in font nullfont!
Missing character: There is no r in font nullfont!
Missing character: There is no o in font nullfont!
Missing character: There is no " in font nullfont!
Missing character: There is no , in font nullfont!
Missing character: There is no m in font nullfont!
Missing character: There is no a in font nullfont!
Missing character: There is no i in font nullfont!
Missing character: There is no n in font nullfont!
Missing character: There is no = in font nullfont!
Missing character: There is no " in font nullfont!
Missing character: There is no P in font nullfont!
Missing character: There is no r in font nullfont!
Missing character: There is no e in font nullfont!
Missing character: There is no c in font nullfont!
Missing character: There is no i in font nullfont!
Missing character: There is no s in font nullfont!
Missing character: There is no i in font nullfont!
Missing character: There is no o in font nullfont!
Missing character: There is no n in font nullfont!
Missing character: There is no v in font nullfont!
Missing character: There is no s in font nullfont!
Missing character: There is no S in font nullfont!
Missing character: There is no a in font nullfont!
Missing character: There is no m in font nullfont!
Missing character: There is no p in font nullfont!
Missing character: There is no l in font nullfont!
Missing character: There is no e in font nullfont!
Missing character: There is no S in font nullfont!
Missing character: There is no i in font nullfont!
Missing character: There is no z in font nullfont!
Missing character: There is no e in font nullfont!
Missing character: There is no " in font nullfont!
Missing character: There is no ) in font nullfont!
Missing character: There is no # in font nullfont!
Missing character: There is no # in font nullfont!
Missing character: There is no E in font nullfont!
Missing character: There is no n in font nullfont!
Missing character: There is no d in font nullfont!
Missing character: There is no ( in font nullfont!
Missing character: There is no N in font nullfont!
Missing character: There is no o in font nullfont!
Missing character: There is no t in font nullfont!
Missing character: There is no r in font nullfont!
Missing character: There is no u in font nullfont!
Missing character: There is no n in font nullfont!
Missing character: There is no ) in font nullfont!
[20] (./Rd2.aux)
 ***********
LaTeX2e <2026-06-01>
L3 programming layer <2026-06-18>
 ***********
Package rerunfilecheck Info: File `Rd2.out' has not changed.
(rerunfilecheck)             Checksum: C72C0F3691408476D7F2984B7719351F;1478.
 ) 
Here is how much of TeX's memory you used:
 10223 strings out of 469158
 151336 string characters out of 5458100
 569018 words of memory out of 5000000
 38923 multiletter control sequences out of 15000+600000
 659370 words of font info for 77 fonts, out of 8000000 for 9000
 14 hyphenation exceptions out of 8191
 91i,6n,95p,321b,778s stack positions out of 10000i,1000n,20000p,200000b,200000s
<t:/texmf-dist/fonts/type1/public/amsfonts/cm/cmex10.pfb><t:/texmf-dist/fonts/type1/public/amsfonts/cm/cmmi10.pfb><t:/texmf-dist/fonts/type1/public/amsfonts/cm/cmmi7.pfb><t:/texmf-dist/fonts/type1/public/amsfonts/cm/cmr10.pfb><t:/texmf-dist/fonts/type1/public/amsfonts/cm/cmr7.pfb><t:/texmf-dist/fonts/type1/public/amsfonts/cm/cmsy10.pfb><t:/texmf-dist/fonts/type1/urw/times/utmb8a.pfb><t:/texmf-dist/fonts/type1/urw/times/utmr8a.pfb><t:/texmf-dist/fonts/type1/urw/times/utmr8a.pfb><t:/texmf-dist/fonts/type1/urw/times/utmri8a.pfb>
Output written on Rd2.pdf (20 pages, 149168 bytes).
PDF statistics:
 406 PDF objects out of 1000 (max. 8388607)
 360 compressed objects within 4 object streams
 164 named destinations out of 1000 (max. 500000)
 121 words of extra memory for PDF output out of 10000 (max. 10000000)

